# Blender 4.1.1
# www.blender.org
mtllib car.mtl
o Cube
v 0.275379 -0.172546 0.469232
v 0.519125 -0.159652 -0.453535
v 0.000000 0.225650 -0.518888
v 0.000000 -0.194083 0.890230
v 0.072044 0.245893 0.907366
v 0.000000 -0.159651 1.215916
v 0.000000 -0.159651 -1.311959
v 0.000000 0.443651 -0.174605
v 0.293382 0.443849 -0.115108
v 0.272886 0.394224 0.633178
v 0.072007 0.391799 0.660707
v 0.255670 0.216312 -0.488375
v 0.249393 0.245015 0.882367
v 0.275379 -0.172546 0.910188
v 0.259540 -0.159652 1.180727
v 0.275379 -0.062307 0.880650
v 0.259540 -0.159652 -1.276769
v 0.162728 0.444574 -0.153608
v 0.275379 0.018393 0.799949
v 0.158091 0.435667 0.579310
v 0.519125 -0.159652 0.406795
v 0.275379 0.047932 0.689710
v 0.000000 0.471320 0.439518
v 0.158091 0.468398 0.439518
v 0.275379 0.018393 0.579471
v 0.370517 0.233934 0.844773
v 0.519064 0.093966 0.890230
v 0.275379 -0.062307 0.498771
v 0.426234 0.214227 -0.436968
v 0.519064 0.093966 -0.453443
v 0.465384 0.162891 1.059668
v 0.275379 -0.172546 -1.049366
v 0.000000 0.153543 1.197995
v 0.000000 0.199381 1.151523
v 0.000000 0.183097 -1.247521
v 0.000000 0.113918 -1.310921
v 0.465384 0.146607 -1.155666
v 0.301047 0.087662 1.158179
v 0.259532 0.187393 1.118034
v 0.254063 0.102434 -1.277221
v 0.259532 0.171109 -1.214032
v 0.519064 0.093970 0.406709
v 0.158091 0.476686 -0.126521
v 0.000000 0.479608 -0.153543
v 0.275379 -0.172546 -0.608410
v 0.259532 0.187393 -0.515663
v 0.000000 0.199381 -0.552502
v 0.275379 -0.062307 -0.637949
v 0.162728 0.444574 -0.130028
v 0.293382 0.443849 -0.091528
v 0.275379 0.018393 -0.718650
v 0.000000 0.443651 -0.151026
v 0.000000 0.225650 -0.495308
v 0.275379 0.047932 -0.828888
v 0.255670 0.216312 -0.464795
v 0.275379 0.018393 -0.939127
v 0.426234 0.214227 -0.413388
v 0.316183 0.473473 -0.080882
v 0.275379 -0.062307 -1.019828
v 0.316183 0.465185 0.439518
v 0.471687 0.186399 -0.453443
v 0.329822 0.447752 -0.068063
v 0.329228 0.439718 0.410233
v 0.458167 0.213634 -0.382826
v 0.464842 0.236209 0.390979
v 0.478275 0.211255 0.421704
v 0.312540 0.447752 -0.068063
v 0.311946 0.439718 0.410233
v 0.440884 0.213634 -0.382826
v 0.447559 0.236209 0.390979
v 0.519125 -0.159652 1.004067
v 0.421479 -0.159652 1.142467
v 0.421479 -0.159652 -1.238510
v 0.519125 -0.159652 -1.100109
v 0.418017 0.073823 1.131218
v 0.492317 0.052671 1.041964
v 0.465409 0.162859 1.059695
v 0.519064 0.079760 -1.099856
v 0.480043 0.093835 -1.239359
v 0.465409 0.146576 -1.155693
v 0.519064 -0.050057 0.406709
v 0.519064 -0.050058 0.890230
v 0.519064 -0.050058 -0.453443
v 0.300998 0.011731 1.165524
v 0.000000 -0.028625 1.215664
v 0.000000 0.007843 -1.310921
v 0.254063 0.029388 -1.277221
v 0.421891 0.004692 1.138381
v 0.490081 0.000540 1.039725
v 0.480043 0.033525 -1.239359
v 0.519064 -0.057162 -1.099856
v 0.266245 0.083727 -1.275350
v 0.000000 0.120549 -1.311663
v 0.000000 0.000978 -1.311663
v 0.266245 0.048160 -1.275350
v 0.254063 0.102434 -1.263033
v 0.000000 0.113918 -1.296733
v 0.000000 0.007843 -1.296733
v 0.254063 0.029388 -1.263033
v 0.486756 0.025742 -1.238229
v 0.486756 0.101479 -1.238229
v 0.259532 0.108559 -1.276480
v 0.259532 0.023472 -1.276480
v 0.475776 0.033525 -1.210440
v 0.475776 0.093835 -1.210440
v 0.261978 0.083727 -1.246431
v 0.261978 0.048160 -1.246431
v 0.421438 0.122285 1.124561
v 0.519064 0.093961 1.003858
v 0.519064 -0.050061 1.003858
v 0.259532 0.141553 1.162812
v 0.259532 -0.034620 1.180482
v 0.421438 -0.044254 1.142230
v 0.410528 0.072723 1.118588
v 0.414403 0.003593 1.125751
v 0.484828 0.051572 1.029334
v 0.482593 -0.000560 1.027094
v 0.293559 0.086563 1.145549
v 0.293510 0.010631 1.152894
v 0.517136 -0.122445 -0.448006
v 0.260775 -0.114820 1.165952
v 0.000000 -0.111859 1.200704
v 0.260775 -0.086129 -1.259295
v 0.420702 -0.119578 1.128168
v 0.517136 -0.125953 -1.084830
v 0.517136 -0.122444 0.401635
v 0.000000 -0.097238 -1.294048
v 0.517136 -0.122446 0.991487
v 0.452962 -0.085008 -1.221511
v 0.522535 -0.232806 0.407978
v 0.522535 -0.232806 -0.452351
v 0.262942 -0.267238 0.891413
v 0.262942 -0.267238 -0.452260
v 0.000000 -0.267238 -0.452260
v 0.000000 -0.267238 0.407893
v 0.000000 -0.267238 0.891413
v 0.000000 -0.232806 1.217100
v 0.262949 -0.232806 -1.275586
v 0.000000 -0.232806 -1.310776
v 0.262949 -0.232806 1.181910
v 0.262942 -0.267238 0.407893
v 0.424888 -0.232806 1.143651
v 0.522535 -0.232806 1.005250
v 0.522535 -0.232806 -1.098926
v 0.424888 -0.232806 -1.237327
v 0.519125 -0.159652 0.472687
v 0.522535 -0.232806 0.485379
v 0.519726 -0.172546 0.469232
v 0.519125 -0.159652 -0.611866
v 0.519125 -0.159652 -1.045911
v 0.517136 -0.123401 -0.621579
v 0.517136 -0.125689 -1.036811
v 0.519125 -0.159652 0.906733
v 0.519726 -0.172546 0.910188
v 0.522535 -0.232806 0.894042
v 0.519064 0.047932 0.689710
v 0.519064 0.018393 0.579471
v 0.519064 -0.050058 0.868401
v 0.519064 0.018393 0.799949
v 0.519064 -0.050057 0.511021
v 0.518738 -0.062307 0.498771
v 0.518248 -0.080706 0.885580
v 0.518738 -0.062307 0.880650
v 0.517136 -0.122444 0.482657
v 0.519064 -0.052197 -0.648059
v 0.519064 -0.056215 -1.013736
v 0.519064 0.018393 -0.718650
v 0.519064 0.047932 -0.828888
v 0.519064 0.018393 -0.939127
v 0.517136 -0.122445 0.896764
v 0.518779 -0.062307 -0.637949
v 0.518896 -0.062307 -1.019828
v 0.334786 -0.257709 -0.631230
v 0.495777 -0.236356 -1.032269
v 0.522535 -0.232806 -0.624557
v 0.522535 -0.232806 -1.033220
v 0.275379 -0.259609 -0.631739
v 0.382284 -0.241865 -1.030793
v 0.275379 -0.242933 -1.030506
v 0.299952 -0.259369 -0.631674
v 0.275379 -0.265588 0.885258
v 0.275379 -0.265588 0.494163
v 0.452381 -0.242111 0.891548
v 0.520350 -0.232806 0.894042
v 0.519726 -0.172546 -0.608410
v 0.519726 -0.172546 -1.049366
v 0.531717 -0.158982 0.406795
v 0.535126 -0.232137 0.407978
v 0.531717 -0.158982 0.472687
v 0.531717 -0.158982 0.906733
v 0.532318 -0.171877 0.910188
v 0.531717 -0.158982 -0.611866
v 0.532318 -0.171877 -0.608410
v 0.531717 -0.158982 -0.453535
v 0.535126 -0.232137 -0.452351
v 0.519094 -0.158982 -1.100109
v 0.522504 -0.232137 -1.098926
v 0.535126 -0.232137 0.485379
v 0.532318 -0.171877 0.469232
v 0.531717 -0.158982 -1.045911
v 0.535126 -0.232137 0.894042
v 0.532318 -0.171877 -1.049366
v 0.519094 -0.158982 1.004067
v 0.522504 -0.232137 1.005250
v 0.535126 -0.232137 -0.624557
v 0.533430 -0.232137 -1.033220
v 0.531717 -0.159652 0.472687
v 0.531717 -0.159652 -0.611866
v 0.531717 -0.159652 -1.045911
v 0.529727 -0.123401 -0.621579
v 0.529727 -0.125689 -1.036811
v 0.531717 -0.159652 0.906733
v 0.531656 0.047932 0.689710
v 0.531656 0.018393 0.579471
v 0.531656 -0.050058 0.868401
v 0.531656 0.018393 0.799949
v 0.531656 -0.050057 0.511021
v 0.531329 -0.062307 0.498771
v 0.530839 -0.080706 0.885580
v 0.531329 -0.062307 0.880650
v 0.529727 -0.122444 0.482657
v 0.531656 -0.052197 -0.648059
v 0.531656 -0.056215 -1.013736
v 0.531656 0.018393 -0.718650
v 0.531656 0.047932 -0.828888
v 0.531656 0.018393 -0.939127
v 0.529727 -0.122445 0.896764
v 0.531370 -0.062307 -0.637949
v 0.531487 -0.062307 -1.019828
v 0.269734 -0.172546 0.461661
v 0.513354 -0.167094 -0.453534
v -0.000633 0.216406 -0.515145
v 0.008641 -0.194083 0.890230
v 0.004107 0.194258 0.986872
v 0.005468 -0.160913 1.208277
v -0.000971 -0.160831 -1.302093
v -0.001076 0.447935 -0.165655
v 0.297027 0.443343 -0.106055
v 0.313395 0.427017 0.549562
v 0.000000 0.426435 0.593819
v 0.254888 0.207099 -0.484593
v 0.258770 0.191523 0.949424
v 0.269734 -0.172546 0.917760
v 0.258198 -0.161330 1.170991
v 0.269734 -0.058522 0.887207
v 0.258242 -0.160688 -1.266937
v 0.161222 0.448780 -0.144704
v 0.269734 0.024950 0.803735
v 0.157577 0.426437 0.575509
v 0.513353 -0.167093 0.406795
v 0.269734 0.055503 0.689710
v 0.000000 0.461393 0.438323
v 0.157927 0.458477 0.438280
v 0.269734 0.024950 0.575685
v 0.466821 0.179741 0.888440
v 0.510720 0.091379 0.889998
v 0.269734 -0.058522 0.492213
v 0.426048 0.205605 -0.431907
v 0.510739 0.091287 -0.453344
v 0.461462 0.154575 1.056467
v 0.269734 -0.172546 -1.056938
v 0.005109 0.150124 1.190691
v 0.005208 0.192157 1.148133
v -0.000716 0.174002 -1.243446
v -0.000487 0.120837 -1.303723
v 0.461850 0.137812 -1.153231
v 0.297202 0.090841 1.149807
v 0.258451 0.178383 1.113881
v 0.255928 0.105991 -1.268128
v 0.258664 0.161834 -1.210431
v 0.510642 0.091735 0.406696
v 0.157283 0.467713 -0.122206
v -0.000628 0.470859 -0.148754
v 0.269734 -0.172546 -0.600839
v 0.258649 0.178136 -0.512021
v -0.000647 0.190027 -0.549046
v 0.269734 -0.058522 -0.631392
v 0.161260 0.448795 -0.121123
v 0.296816 0.446306 -0.082687
v 0.269734 0.024950 -0.714864
v -0.001625 0.446627 -0.141666
v -0.000586 0.216027 -0.492674
v 0.269734 0.055503 -0.828888
v 0.255137 0.206689 -0.462144
v 0.269734 0.024950 -0.942913
v 0.433202 0.209287 -0.410136
v 0.312248 0.464844 -0.078687
v 0.269734 -0.058522 -1.026385
v 0.312290 0.456303 0.438611
v 0.466310 0.178770 -0.451691
v 0.322007 0.450694 -0.071152
v 0.322013 0.436960 0.414994
v 0.451329 0.207598 -0.383800
v 0.459166 0.228884 0.392769
v 0.470878 0.206087 0.421565
v 0.305387 0.452606 -0.070879
v 0.305591 0.443367 0.415942
v 0.437095 0.210456 -0.391232
v 0.444492 0.229012 0.396946
v 0.517509 -0.166410 0.996938
v 0.417202 -0.161327 1.133941
v 0.417383 -0.160174 -1.229721
v 0.511073 -0.161950 -1.097304
v 0.415212 0.079521 1.123669
v 0.488728 0.056056 1.033521
v 0.459575 0.157607 1.054514
v 0.510844 0.076849 -1.098843
v 0.481363 0.096775 -1.229924
v 0.460430 0.139002 -1.152618
v 0.510424 -0.049902 0.406709
v 0.510424 -0.049904 0.890230
v 0.510424 -0.049904 -0.453444
v 0.296831 0.006872 1.158234
v 0.005480 -0.028335 1.207938
v 0.000000 0.000997 -1.303639
v 0.256046 0.025833 -1.268161
v 0.418416 -0.002171 1.132321
v 0.486246 -0.003534 1.031743
v 0.481312 0.030592 -1.229912
v 0.510693 -0.056044 -1.097643
v 0.262422 0.086814 -1.266930
v -0.001046 0.116986 -1.302397
v -0.001018 0.001571 -1.301750
v 0.262373 0.045071 -1.266961
v 0.258863 0.108032 -1.256884
v 0.000000 0.121328 -1.290034
v 0.000000 0.000359 -1.290103
v 0.258931 0.023895 -1.256861
v 0.481113 0.026739 -1.230721
v 0.481586 0.097437 -1.231310
v 0.258279 0.104495 -1.267459
v 0.258376 0.024233 -1.266599
v 0.479788 0.027555 -1.203898
v 0.479829 0.099748 -1.203881
v 0.256174 0.089360 -1.241620
v 0.256134 0.042584 -1.241617
v 0.417592 0.118729 1.116342
v 0.511105 0.091572 1.000784
v 0.510990 -0.049661 1.000319
v 0.258036 0.137243 1.153956
v 0.258179 -0.034228 1.170613
v 0.417081 -0.043827 1.133605
v 0.408521 0.079929 1.112056
v 0.411748 -0.004823 1.121308
v 0.485555 0.056307 1.020566
v 0.482852 -0.006712 1.019216
v 0.287066 0.092040 1.141867
v 0.286821 0.004844 1.150327
v 0.508495 -0.122600 -0.448006
v 0.259409 -0.115508 1.156102
v 0.005168 -0.112393 1.192708
v 0.259528 -0.086332 -1.249402
v 0.416050 -0.120304 1.119772
v 0.508732 -0.125353 -1.082581
v 0.508495 -0.122599 0.401635
v -0.001014 -0.097734 -1.284129
v 0.508871 -0.122799 0.988588
v 0.447953 -0.083677 -1.213472
v 0.521844 -0.222838 0.407978
v 0.521966 -0.222828 -0.452293
v 0.262531 -0.257259 0.890956
v 0.262566 -0.257248 -0.452099
v 0.000000 -0.257240 -0.452055
v 0.000000 -0.257238 0.407893
v 0.003670 -0.258199 0.890910
v 0.004756 -0.227497 1.210657
v 0.261824 -0.225932 -1.268441
v -0.000728 -0.226101 -1.303405
v 0.261796 -0.226271 1.174460
v 0.262449 -0.257254 0.407893
v 0.421135 -0.226899 1.136850
v 0.519570 -0.223801 1.002581
v 0.519599 -0.223707 -1.096547
v 0.421135 -0.226639 -1.230762
v 0.516974 -0.176504 0.421704
v 0.522011 -0.226818 0.477393
v 0.519726 -0.172584 0.459232
v 0.516989 -0.178631 -0.559015
v 0.517106 -0.159465 -1.098638
v 0.512779 -0.132690 -0.571777
v 0.512773 -0.135421 -1.086566
v 0.517085 -0.162527 0.951964
v 0.519726 -0.172584 0.920188
v 0.521987 -0.226521 0.901794
v 0.515718 0.077157 0.686816
v 0.515718 0.041163 0.552485
v 0.515211 -0.040793 0.903235
v 0.515718 0.041163 0.821147
v 0.515211 -0.040791 0.470399
v 0.515360 -0.057062 0.454200
v 0.514263 -0.081208 0.926023
v 0.515360 -0.057062 0.919432
v 0.512840 -0.130241 0.434543
v 0.515195 -0.043067 -0.606023
v 0.515195 -0.047850 -1.056376
v 0.515710 0.042881 -0.692105
v 0.515710 0.079511 -0.828808
v 0.515710 0.042881 -0.965510
v 0.512840 -0.130242 0.939089
v 0.515394 -0.057076 -0.592086
v 0.515536 -0.057073 -1.065529
v 0.334385 -0.251730 -0.623227
v 0.495363 -0.230191 -1.040128
v 0.522215 -0.226846 -0.616536
v 0.522047 -0.226747 -1.041155
v 0.269357 -0.255292 -0.626012
v 0.381870 -0.235700 -1.038652
v 0.269132 -0.238642 -1.035922
v 0.299551 -0.253390 -0.623672
v 0.269023 -0.261154 0.890380
v 0.269023 -0.261154 0.489041
v 0.451860 -0.235765 0.899253
v 0.519833 -0.226461 0.901747
v 0.519726 -0.172584 -0.598411
v 0.519726 -0.172584 -1.059366
v 0.525919 -0.166397 0.406795
v 0.528719 -0.225427 0.407978
v 0.527060 -0.164276 0.466135
v 0.526782 -0.164072 0.913174
v 0.526295 -0.172185 0.917353
v 0.527060 -0.164276 -0.605313
v 0.526681 -0.172239 -0.600839
v 0.525919 -0.166397 -0.453535
v 0.528719 -0.225427 -0.452351
v 0.513556 -0.166468 -1.098408
v 0.514208 -0.229468 -1.098075
v 0.530033 -0.227395 0.478839
v 0.526681 -0.172239 0.461661
v 0.526411 -0.163799 -1.052164
v 0.529503 -0.227614 0.900140
v 0.526026 -0.172104 -1.056218
v 0.513472 -0.166510 1.003073
v 0.518937 -0.224617 1.004132
v 0.530033 -0.227395 -0.618017
v 0.529264 -0.227648 -1.039036
v 0.531717 -0.158982 0.463028
v 0.531717 -0.158982 -0.602206
v 0.529557 -0.158982 -1.055571
v 0.529727 -0.120813 -0.611920
v 0.529727 -0.123101 -1.046470
v 0.531717 -0.158982 0.916392
v 0.531656 0.057932 0.689710
v 0.531656 0.027053 0.574471
v 0.531656 -0.042987 0.875472
v 0.531656 0.027053 0.804949
v 0.531656 -0.042986 0.503950
v 0.531329 -0.057269 0.490133
v 0.530839 -0.078118 0.895239
v 0.531329 -0.057269 0.889288
v 0.529727 -0.119856 0.472998
v 0.531656 -0.045126 -0.640988
v 0.531656 -0.049144 -1.020807
v 0.531656 0.027053 -0.713650
v 0.531656 0.057932 -0.828888
v 0.531656 0.027053 -0.944127
v 0.529727 -0.119857 0.906423
v 0.531370 -0.057268 -0.629311
v 0.531487 -0.057268 -1.028465
v 0.000000 0.202718 0.989289
v 0.000000 0.435667 0.597639
v 0.259532 0.201013 0.952450
v 0.472166 0.187393 0.890230
v 0.317017 0.435667 0.552319
v 0.165607 0.391804 0.649858
v 0.000000 0.248902 0.911640
v 0.000000 0.393492 0.668547
v 0.249393 0.245015 0.882367
v 0.165607 0.391804 0.649858
v 0.072044 0.245893 0.907366
v 0.072007 0.391799 0.660707
v 0.370517 0.233934 0.844773
v 0.272886 0.394224 0.633178
v 0.249393 0.245015 0.875889
v 0.165607 0.391804 0.643381
v 0.072044 0.245893 0.900888
v 0.072007 0.391799 0.654230
v 0.370517 0.233934 0.838296
v 0.272886 0.394224 0.626701
v 0.000000 0.248902 0.905163
v 0.000000 0.393492 0.662069
v -0.275379 -0.172546 0.469232
v -0.519125 -0.159652 -0.453535
v -0.072044 0.245893 0.907366
v -0.293382 0.443849 -0.115108
v -0.272886 0.394224 0.633178
v -0.072007 0.391799 0.660707
v -0.255670 0.216312 -0.488375
v -0.249393 0.245015 0.882367
v -0.275379 -0.172546 0.910188
v -0.259540 -0.159652 1.180727
v -0.275379 -0.062307 0.880650
v -0.259540 -0.159652 -1.276769
v -0.162728 0.444574 -0.153608
v -0.275379 0.018393 0.799949
v -0.158091 0.435667 0.579310
v -0.519125 -0.159652 0.406795
v -0.275379 0.047932 0.689710
v -0.158091 0.468398 0.439518
v -0.275379 0.018393 0.579471
v -0.370517 0.233934 0.844773
v -0.519064 0.093966 0.890230
v -0.275379 -0.062307 0.498771
v -0.426234 0.214227 -0.436968
v -0.519064 0.093966 -0.453443
v -0.465384 0.162891 1.059668
v -0.275379 -0.172546 -1.049366
v -0.465384 0.146607 -1.155666
v -0.301047 0.087662 1.158179
v -0.259532 0.187393 1.118034
v -0.254063 0.102434 -1.277221
v -0.259532 0.171109 -1.214032
v -0.519064 0.093970 0.406709
v -0.158091 0.476686 -0.126521
v -0.275379 -0.172546 -0.608410
v -0.259532 0.187393 -0.515663
v -0.275379 -0.062307 -0.637949
v -0.162728 0.444574 -0.130028
v -0.293382 0.443849 -0.091528
v -0.275379 0.018393 -0.718650
v -0.275379 0.047932 -0.828888
v -0.255670 0.216312 -0.464795
v -0.275379 0.018393 -0.939127
v -0.426234 0.214227 -0.413388
v -0.316183 0.473473 -0.080882
v -0.275379 -0.062307 -1.019828
v -0.316183 0.465185 0.439518
v -0.471687 0.186399 -0.453443
v -0.329822 0.447752 -0.068063
v -0.329228 0.439718 0.410233
v -0.458167 0.213634 -0.382826
v -0.464841 0.236209 0.390979
v -0.478275 0.211255 0.421704
v -0.312540 0.447752 -0.068063
v -0.311946 0.439718 0.410233
v -0.440884 0.213634 -0.382826
v -0.447559 0.236209 0.390979
v -0.519125 -0.159652 1.004067
v -0.421479 -0.159652 1.142467
v -0.421479 -0.159652 -1.238510
v -0.519125 -0.159652 -1.100109
v -0.418017 0.073823 1.131218
v -0.492317 0.052671 1.041964
v -0.465409 0.162859 1.059695
v -0.519064 0.079760 -1.099856
v -0.480043 0.093835 -1.239359
v -0.465409 0.146576 -1.155693
v -0.519064 -0.050057 0.406709
v -0.519064 -0.050058 0.890230
v -0.519064 -0.050058 -0.453443
v -0.300998 0.011731 1.165524
v -0.254063 0.029388 -1.277221
v -0.421891 0.004692 1.138381
v -0.490081 0.000540 1.039725
v -0.480043 0.033525 -1.239359
v -0.519064 -0.057162 -1.099856
v -0.266245 0.083727 -1.275350
v -0.266245 0.048160 -1.275350
v -0.254063 0.102434 -1.263033
v -0.254063 0.029388 -1.263033
v -0.486756 0.025742 -1.238229
v -0.486756 0.101479 -1.238229
v -0.259532 0.108559 -1.276480
v -0.259532 0.023472 -1.276480
v -0.475775 0.033525 -1.210440
v -0.475775 0.093835 -1.210440
v -0.261978 0.083727 -1.246431
v -0.261978 0.048160 -1.246431
v -0.421438 0.122285 1.124561
v -0.519064 0.093961 1.003858
v -0.519064 -0.050061 1.003858
v -0.259532 0.141553 1.162812
v -0.259532 -0.034620 1.180482
v -0.421438 -0.044254 1.142230
v -0.410528 0.072723 1.118588
v -0.414403 0.003593 1.125751
v -0.484828 0.051572 1.029334
v -0.482592 -0.000560 1.027094
v -0.293559 0.086563 1.145549
v -0.293509 0.010631 1.152894
v -0.517136 -0.122445 -0.448006
v -0.260775 -0.114820 1.165952
v -0.260775 -0.086129 -1.259295
v -0.420702 -0.119578 1.128168
v -0.517136 -0.125953 -1.084830
v -0.517136 -0.122444 0.401635
v -0.517136 -0.122446 0.991487
v -0.452962 -0.085008 -1.221511
v -0.522535 -0.232806 0.407978
v -0.522535 -0.232806 -0.452351
v -0.262942 -0.267238 0.891413
v -0.262942 -0.267238 -0.452260
v -0.262949 -0.232806 -1.275586
v -0.262949 -0.232806 1.181910
v -0.262942 -0.267238 0.407893
v -0.424888 -0.232806 1.143651
v -0.522535 -0.232806 1.005250
v -0.522535 -0.232806 -1.098926
v -0.424888 -0.232806 -1.237327
v -0.519125 -0.159652 0.472687
v -0.522535 -0.232806 0.485379
v -0.519726 -0.172546 0.469232
v -0.519125 -0.159652 -0.611866
v -0.519125 -0.159652 -1.045911
v -0.517136 -0.123401 -0.621579
v -0.517136 -0.125689 -1.036811
v -0.519125 -0.159652 0.906733
v -0.519726 -0.172546 0.910188
v -0.522535 -0.232806 0.894042
v -0.519064 0.047932 0.689710
v -0.519064 0.018393 0.579471
v -0.519064 -0.050058 0.868401
v -0.519064 0.018393 0.799949
v -0.519064 -0.050057 0.511021
v -0.518738 -0.062307 0.498771
v -0.518248 -0.080706 0.885580
v -0.518738 -0.062307 0.880650
v -0.517136 -0.122444 0.482657
v -0.519064 -0.052197 -0.648059
v -0.519064 -0.056215 -1.013736
v -0.519064 0.018393 -0.718650
v -0.519064 0.047932 -0.828888
v -0.519064 0.018393 -0.939127
v -0.517136 -0.122445 0.896764
v -0.518778 -0.062307 -0.637949
v -0.518896 -0.062307 -1.019828
v -0.334786 -0.257709 -0.631230
v -0.495776 -0.236356 -1.032269
v -0.522535 -0.232806 -0.624557
v -0.522535 -0.232806 -1.033220
v -0.275379 -0.259609 -0.631739
v -0.382284 -0.241865 -1.030793
v -0.275379 -0.242933 -1.030506
v -0.299952 -0.259369 -0.631674
v -0.275379 -0.265588 0.885258
v -0.275379 -0.265588 0.494163
v -0.452381 -0.242111 0.891548
v -0.520350 -0.232806 0.894042
v -0.519726 -0.172546 -0.608410
v -0.519726 -0.172546 -1.049366
v -0.531717 -0.158982 0.406795
v -0.535126 -0.232137 0.407978
v -0.531717 -0.158982 0.472687
v -0.531717 -0.158982 0.906733
v -0.532318 -0.171877 0.910188
v -0.531717 -0.158982 -0.611866
v -0.532318 -0.171877 -0.608410
v -0.531717 -0.158982 -0.453535
v -0.535126 -0.232137 -0.452351
v -0.519094 -0.158982 -1.100109
v -0.522504 -0.232137 -1.098926
v -0.535126 -0.232137 0.485379
v -0.532318 -0.171877 0.469232
v -0.531717 -0.158982 -1.045911
v -0.535126 -0.232137 0.894042
v -0.532318 -0.171877 -1.049366
v -0.519094 -0.158982 1.004067
v -0.522504 -0.232137 1.005250
v -0.535126 -0.232137 -0.624557
v -0.533430 -0.232137 -1.033220
v -0.531717 -0.159652 0.472687
v -0.531717 -0.159652 -0.611866
v -0.531717 -0.159652 -1.045911
v -0.529727 -0.123401 -0.621579
v -0.529727 -0.125689 -1.036811
v -0.531717 -0.159652 0.906733
v -0.531656 0.047932 0.689710
v -0.531656 0.018393 0.579471
v -0.531656 -0.050058 0.868401
v -0.531656 0.018393 0.799949
v -0.531656 -0.050057 0.511021
v -0.531329 -0.062307 0.498771
v -0.530839 -0.080706 0.885580
v -0.531329 -0.062307 0.880650
v -0.529727 -0.122444 0.482657
v -0.531656 -0.052197 -0.648059
v -0.531656 -0.056215 -1.013736
v -0.531656 0.018393 -0.718650
v -0.531656 0.047932 -0.828888
v -0.531656 0.018393 -0.939127
v -0.529727 -0.122445 0.896764
v -0.531370 -0.062307 -0.637949
v -0.531487 -0.062307 -1.019828
v -0.269734 -0.172546 0.461661
v -0.513354 -0.167094 -0.453534
v 0.000633 0.216406 -0.515145
v -0.008641 -0.194083 0.890230
v -0.004107 0.194258 0.986872
v -0.005468 -0.160913 1.208277
v 0.000972 -0.160831 -1.302093
v 0.001076 0.447935 -0.165655
v -0.297027 0.443343 -0.106055
v -0.313395 0.427017 0.549562
v -0.254888 0.207099 -0.484593
v -0.258770 0.191523 0.949424
v -0.269734 -0.172546 0.917760
v -0.258198 -0.161330 1.170991
v -0.269734 -0.058522 0.887207
v -0.258242 -0.160688 -1.266937
v -0.161222 0.448780 -0.144704
v -0.269734 0.024950 0.803735
v -0.157577 0.426437 0.575509
v -0.513353 -0.167093 0.406795
v -0.269734 0.055503 0.689710
v -0.157927 0.458477 0.438280
v -0.269734 0.024950 0.575685
v -0.466821 0.179741 0.888440
v -0.510720 0.091379 0.889998
v -0.269734 -0.058522 0.492213
v -0.426048 0.205605 -0.431907
v -0.510739 0.091287 -0.453344
v -0.461462 0.154575 1.056467
v -0.269734 -0.172546 -1.056938
v -0.005109 0.150124 1.190691
v -0.005208 0.192157 1.148133
v 0.000717 0.174002 -1.243446
v 0.000487 0.120837 -1.303723
v -0.461850 0.137812 -1.153231
v -0.297202 0.090841 1.149807
v -0.258451 0.178383 1.113881
v -0.255928 0.105991 -1.268128
v -0.258664 0.161834 -1.210431
v -0.510642 0.091735 0.406696
v -0.157283 0.467713 -0.122206
v 0.000628 0.470859 -0.148754
v -0.269734 -0.172546 -0.600839
v -0.258649 0.178136 -0.512021
v 0.000647 0.190027 -0.549046
v -0.269734 -0.058522 -0.631392
v -0.161260 0.448795 -0.121123
v -0.296816 0.446306 -0.082687
v -0.269734 0.024950 -0.714864
v 0.001626 0.446627 -0.141666
v 0.000586 0.216027 -0.492674
v -0.269734 0.055503 -0.828888
v -0.255136 0.206689 -0.462144
v -0.269734 0.024950 -0.942913
v -0.433202 0.209287 -0.410136
v -0.312248 0.464844 -0.078687
v -0.269734 -0.058522 -1.026385
v -0.312290 0.456303 0.438611
v -0.466310 0.178770 -0.451691
v -0.322006 0.450694 -0.071152
v -0.322013 0.436960 0.414994
v -0.451329 0.207598 -0.383800
v -0.459166 0.228884 0.392769
v -0.470878 0.206087 0.421565
v -0.305387 0.452606 -0.070879
v -0.305590 0.443367 0.415942
v -0.437095 0.210456 -0.391232
v -0.444492 0.229012 0.396946
v -0.517509 -0.166410 0.996938
v -0.417202 -0.161327 1.133941
v -0.417383 -0.160174 -1.229721
v -0.511073 -0.161950 -1.097304
v -0.415212 0.079521 1.123669
v -0.488728 0.056056 1.033521
v -0.459575 0.157607 1.054514
v -0.510844 0.076849 -1.098843
v -0.481363 0.096775 -1.229924
v -0.460430 0.139002 -1.152618
v -0.510424 -0.049902 0.406709
v -0.510424 -0.049904 0.890230
v -0.510424 -0.049904 -0.453444
v -0.296831 0.006872 1.158234
v -0.005480 -0.028335 1.207938
v -0.256046 0.025833 -1.268161
v -0.418416 -0.002171 1.132321
v -0.486246 -0.003534 1.031743
v -0.481312 0.030592 -1.229912
v -0.510693 -0.056044 -1.097643
v -0.262422 0.086814 -1.266930
v 0.001046 0.116986 -1.302397
v 0.001018 0.001571 -1.301750
v -0.262373 0.045071 -1.266961
v -0.258862 0.108032 -1.256884
v -0.258931 0.023895 -1.256861
v -0.481113 0.026739 -1.230721
v -0.481586 0.097437 -1.231310
v -0.258279 0.104495 -1.267459
v -0.258376 0.024233 -1.266599
v -0.479788 0.027555 -1.203898
v -0.479829 0.099748 -1.203881
v -0.256174 0.089360 -1.241620
v -0.256134 0.042584 -1.241617
v -0.417592 0.118729 1.116342
v -0.511105 0.091572 1.000784
v -0.510990 -0.049661 1.000319
v -0.258036 0.137243 1.153956
v -0.258179 -0.034228 1.170613
v -0.417081 -0.043827 1.133605
v -0.408521 0.079929 1.112056
v -0.411748 -0.004823 1.121308
v -0.485555 0.056307 1.020566
v -0.482851 -0.006712 1.019216
v -0.287066 0.092040 1.141867
v -0.286820 0.004844 1.150327
v -0.508495 -0.122600 -0.448006
v -0.259409 -0.115508 1.156102
v -0.005168 -0.112393 1.192708
v -0.259528 -0.086332 -1.249402
v -0.416050 -0.120304 1.119772
v -0.508732 -0.125353 -1.082581
v -0.508495 -0.122599 0.401635
v 0.001014 -0.097734 -1.284129
v -0.508871 -0.122799 0.988588
v -0.447953 -0.083677 -1.213472
v -0.521844 -0.222838 0.407978
v -0.521966 -0.222828 -0.452293
v -0.262531 -0.257259 0.890956
v -0.262566 -0.257248 -0.452099
v -0.003670 -0.258199 0.890910
v -0.004756 -0.227497 1.210657
v -0.261824 -0.225932 -1.268441
v 0.000728 -0.226101 -1.303405
v -0.261796 -0.226271 1.174460
v -0.262449 -0.257254 0.407893
v -0.421135 -0.226899 1.136850
v -0.519569 -0.223801 1.002581
v -0.519599 -0.223707 -1.096547
v -0.421135 -0.226639 -1.230762
v -0.516974 -0.176504 0.421704
v -0.522011 -0.226818 0.477393
v -0.519726 -0.172584 0.459232
v -0.516989 -0.178631 -0.559015
v -0.517105 -0.159465 -1.098638
v -0.512779 -0.132690 -0.571777
v -0.512773 -0.135421 -1.086566
v -0.517085 -0.162527 0.951964
v -0.519726 -0.172584 0.920188
v -0.521987 -0.226521 0.901794
v -0.515718 0.077157 0.686816
v -0.515718 0.041163 0.552485
v -0.515211 -0.040793 0.903235
v -0.515718 0.041163 0.821147
v -0.515211 -0.040791 0.470399
v -0.515360 -0.057062 0.454200
v -0.514262 -0.081208 0.926023
v -0.515360 -0.057062 0.919432
v -0.512840 -0.130241 0.434543
v -0.515195 -0.043067 -0.606023
v -0.515195 -0.047850 -1.056376
v -0.515710 0.042881 -0.692105
v -0.515710 0.079511 -0.828808
v -0.515710 0.042881 -0.965510
v -0.512840 -0.130242 0.939089
v -0.515394 -0.057076 -0.592086
v -0.515536 -0.057073 -1.065529
v -0.334385 -0.251730 -0.623227
v -0.495363 -0.230191 -1.040128
v -0.522214 -0.226846 -0.616536
v -0.522047 -0.226747 -1.041155
v -0.269357 -0.255292 -0.626012
v -0.381870 -0.235700 -1.038652
v -0.269132 -0.238642 -1.035922
v -0.299551 -0.253390 -0.623672
v -0.269023 -0.261154 0.890380
v -0.269023 -0.261154 0.489041
v -0.451860 -0.235765 0.899253
v -0.519833 -0.226461 0.901747
v -0.519726 -0.172584 -0.598411
v -0.519726 -0.172584 -1.059366
v -0.525919 -0.166397 0.406795
v -0.528719 -0.225427 0.407978
v -0.527060 -0.164276 0.466135
v -0.526782 -0.164072 0.913174
v -0.526295 -0.172185 0.917353
v -0.527060 -0.164276 -0.605313
v -0.526681 -0.172239 -0.600839
v -0.525919 -0.166397 -0.453535
v -0.528719 -0.225427 -0.452351
v -0.513556 -0.166468 -1.098408
v -0.514208 -0.229468 -1.098075
v -0.530033 -0.227395 0.478839
v -0.526681 -0.172239 0.461661
v -0.526411 -0.163799 -1.052164
v -0.529503 -0.227614 0.900140
v -0.526026 -0.172104 -1.056218
v -0.513472 -0.166510 1.003073
v -0.518937 -0.224617 1.004132
v -0.530033 -0.227395 -0.618017
v -0.529264 -0.227648 -1.039036
v -0.531717 -0.158982 0.463028
v -0.531717 -0.158982 -0.602206
v -0.529557 -0.158982 -1.055571
v -0.529727 -0.120813 -0.611920
v -0.529727 -0.123101 -1.046470
v -0.531717 -0.158982 0.916392
v -0.531656 0.057932 0.689710
v -0.531656 0.027053 0.574471
v -0.531656 -0.042987 0.875472
v -0.531656 0.027053 0.804949
v -0.531656 -0.042986 0.503950
v -0.531329 -0.057269 0.490133
v -0.530839 -0.078118 0.895239
v -0.531329 -0.057269 0.889288
v -0.529727 -0.119856 0.472998
v -0.531656 -0.045126 -0.640988
v -0.531656 -0.049144 -1.020807
v -0.531656 0.027053 -0.713650
v -0.531656 0.057932 -0.828888
v -0.531656 0.027053 -0.944127
v -0.529727 -0.119857 0.906423
v -0.531370 -0.057268 -0.629311
v -0.531487 -0.057268 -1.028465
v -0.259532 0.201013 0.952450
v -0.472166 0.187393 0.890230
v -0.317017 0.435667 0.552319
v -0.165607 0.391804 0.649858
v -0.249393 0.245015 0.882367
v -0.165607 0.391804 0.649858
v -0.072044 0.245893 0.907366
v -0.072007 0.391799 0.660707
v -0.370517 0.233934 0.844773
v -0.272886 0.394224 0.633178
v -0.249393 0.245015 0.875889
v -0.165607 0.391804 0.643381
v -0.072044 0.245893 0.900888
v -0.072007 0.391799 0.654230
v -0.370517 0.233934 0.838296
v -0.272886 0.394224 0.626701
vn 0.1246 0.9919 -0.0231
vn -0.0531 0.9986 -0.0000
vn 0.1326 0.0222 0.9909
vn -1.0000 -0.0000 -0.0000
vn 1.0000 -0.0000 -0.0000
vn 0.0182 0.9965 0.0820
vn -0.0000 1.0000 -0.0000
vn 0.8162 0.0474 0.5758
vn 0.0491 0.9985 -0.0234
vn 0.0180 0.9735 0.2279
vn 0.1059 0.9835 0.1465
vn 0.2445 0.6776 0.6936
vn 0.0197 0.9673 0.2530
vn 0.9983 0.0586 -0.0003
vn 0.9985 0.0547 -0.0003
vn 0.9893 -0.0000 0.1460
vn -0.0531 0.9986 -0.0069
vn 0.1359 0.0989 0.9858
vn -0.0137 0.2586 0.9659
vn 0.1343 -0.0160 -0.9908
vn 0.0203 0.9997 0.0159
vn 0.0185 0.9997 0.0146
vn 0.2298 0.0265 0.9729
vn 0.9445 0.3285 -0.0000
vn 0.1236 0.6934 0.7098
vn 0.8899 0.4561 -0.0100
vn 0.2639 0.7393 -0.6196
vn 0.8262 0.5520 0.1129
vn 0.1267 0.7102 -0.6925
vn 0.8899 0.4561 -0.0000
vn 0.8222 0.5678 0.0396
vn -0.8656 -0.5008 -0.0000
vn 0.2208 0.6599 -0.7182
vn 0.1229 0.7820 -0.6111
vn 0.1397 0.6502 -0.7468
vn 0.3180 0.8105 -0.4918
vn 0.2179 0.6851 -0.6951
vn 0.1685 0.8340 -0.5254
vn 0.0365 0.9993 -0.0000
vn -0.0056 -1.0000 -0.0000
vn 0.0122 0.9999 -0.0000
vn 0.0057 -1.0000 -0.0000
vn -0.0000 0.9996 -0.0292
vn 0.8933 0.4494 0.0072
vn 0.8735 0.4865 -0.0204
vn 0.8330 0.5475 0.0805
vn 0.8817 0.4718 0.0086
vn 0.8638 0.5033 -0.0221
vn -0.0000 0.0942 -0.9956
vn -0.0000 -0.9999 -0.0168
vn -0.0000 -0.8024 0.5968
vn 0.7855 0.1196 0.6072
vn 0.8152 0.5704 -0.1008
vn 0.7972 0.2312 0.5576
vn 0.9738 -0.0000 -0.2274
vn 0.8610 -0.0495 -0.5062
vn 0.2210 -0.1811 0.9583
vn 0.8835 -0.1235 -0.4518
vn -0.0349 0.9972 -0.0661
vn 0.9996 -0.0266 -0.0000
vn 0.1281 -0.1749 0.9762
vn 0.1916 -0.1499 -0.9700
vn 0.1374 -0.1749 -0.9750
vn 0.1343 -0.0000 -0.9909
vn 0.1219 0.1066 -0.9868
vn 0.1315 -0.0000 -0.9913
vn -0.0452 -0.9990 -0.0000
vn -0.0845 0.9964 -0.0000
vn 0.1660 -0.0000 -0.9861
vn -0.9893 -0.0000 -0.1460
vn 0.0666 0.9977 0.0098
vn 0.0461 -0.9989 0.0068
vn 0.7719 0.0327 0.6349
vn 0.8460 -0.0590 0.5299
vn 0.2402 0.1021 0.9653
vn 0.2440 0.0932 0.9653
vn 0.2226 0.0744 0.9721
vn 0.8168 0.0612 0.5737
vn 0.2239 0.1129 0.9681
vn 0.7765 0.1078 0.6208
vn -0.8607 0.0150 0.5090
vn 0.0339 0.9937 -0.1066
vn -0.0853 -0.9870 0.1365
vn -0.1035 -0.9837 0.1470
vn 0.1292 0.2735 -0.9531
vn 0.9986 0.0534 -0.0000
vn 0.2242 0.2218 -0.9490
vn 0.1281 0.3008 0.9450
vn 0.7991 -0.2087 -0.5638
vn 0.2193 0.2999 0.9284
vn 0.8094 -0.1154 0.5759
vn 0.9996 -0.0280 0.0003
vn 0.9996 -0.0268 0.0002
vn 0.0099 -0.9991 -0.0418
vn 0.1315 -0.9913 -0.0000
vn -0.0000 -0.9991 -0.0418
vn 0.0141 -0.9944 0.1051
vn -0.0000 -1.0000 -0.0000
vn 0.1313 -0.9900 0.0509
vn 0.0137 -0.2582 0.9660
vn 0.8168 0.0287 -0.5763
vn 0.2299 -0.0050 -0.9732
vn -0.0000 0.2588 0.9659
vn -0.0000 0.2588 -0.9659
vn -0.0000 -0.2588 -0.9659
vn -0.0000 -0.7071 -0.7071
vn -0.0000 -0.9659 -0.2588
vn -0.0000 -0.9659 0.2588
vn -0.0000 -0.7071 0.7071
vn -0.0000 -0.2588 0.9659
vn 0.9989 0.0466 -0.0000
vn 0.9935 0.0161 0.1128
vn 0.9685 0.1056 -0.2256
vn 0.9989 0.0465 -0.0000
vn -0.9989 -0.0465 -0.0000
vn 0.0531 -0.9986 -0.0000
vn 0.9989 0.0463 0.0051
vn 0.0613 -0.9981 -0.0102
vn 0.0137 -0.2582 -0.9660
vn -0.0137 0.2582 -0.9660
vn -0.9988 -0.0462 0.0162
vn -0.0137 0.2582 0.9660
vn -0.0139 -0.9982 0.0584
vn 0.0551 -0.9924 0.1104
vn -0.1459 -0.0338 -0.9887
vn 0.9690 0.0015 -0.2471
vn 0.9999 -0.0061 0.0131
vn -1.0000 0.0021 0.0051
vn -0.0224 -0.9966 -0.0797
vn -0.1988 -0.8324 -0.5174
vn -0.8054 -0.0866 -0.5864
vn -0.0491 -0.9985 0.0233
vn -0.0180 -0.9736 -0.2274
vn -0.0998 -0.9836 -0.1505
vn -1.0000 0.0022 -0.0000
vn -0.0847 -0.8539 -0.5135
vn 0.2876 0.6386 0.7137
vn -0.0131 -0.9668 -0.2551
vn 0.3438 -0.3712 0.8626
vn -0.9941 -0.1054 -0.0258
vn -0.9710 0.0013 -0.2389
vn 0.1039 0.9910 0.0846
vn -0.1476 -0.0957 -0.9844
vn 0.4470 -0.2678 -0.8535
vn -0.1344 -0.0204 0.9907
vn -0.0139 -0.9998 -0.0165
vn 0.9390 -0.0025 -0.3439
vn -0.0172 -0.9997 -0.0161
vn -0.2265 -0.0644 -0.9719
vn 0.9999 -0.0103 0.0110
vn -0.8949 -0.4451 -0.0329
vn -0.1337 -0.6908 -0.7105
vn 0.6437 0.7652 0.0059
vn 0.2725 0.6770 -0.6836
vn 0.8365 0.5464 0.0401
vn -0.1224 -0.6995 0.7041
vn -0.9438 -0.3302 0.0153
vn -0.8242 -0.5649 -0.0390
vn 0.5802 0.7501 -0.3175
vn -0.2040 -0.7663 0.6092
vn -0.1106 -0.6909 0.7144
vn -0.1004 -0.5891 0.8018
vn 0.0470 -0.7980 0.6008
vn -0.2196 -0.6857 0.6940
vn -0.1681 -0.8251 0.5395
vn -0.0344 -0.9993 -0.0168
vn 0.0402 0.9992 -0.0007
vn -0.0031 -0.9998 -0.0182
vn -0.0122 0.9985 0.0542
vn -0.0009 -0.9996 0.0274
vn -0.8191 -0.5735 -0.0162
vn -0.8998 -0.4357 0.0210
vn -0.8236 -0.5552 0.1157
vn -0.8387 -0.5397 0.0727
vn -0.8670 -0.4979 0.0199
vn 0.2736 0.0779 0.9587
vn 0.1147 0.9930 0.0281
vn 0.3976 0.7968 -0.4551
vn -0.7853 -0.1184 -0.6077
vn -0.8097 -0.5801 0.0887
vn -0.7911 -0.2194 -0.5710
vn -0.9762 0.0083 0.2169
vn -0.6278 0.0805 0.7742
vn -0.2172 0.1766 -0.9600
vn -0.8629 0.3202 0.3910
vn 0.1733 -0.9762 0.1301
vn -0.9942 0.0190 0.1062
vn 0.9773 -0.0959 -0.1887
vn -0.1383 0.1720 -0.9753
vn -0.1872 0.1491 0.9709
vn -0.5667 -0.8237 0.0183
vn -0.9996 0.0265 -0.0000
vn -0.9933 -0.1157 0.0054
vn -0.1376 0.1730 0.9753
vn 0.1102 -0.3376 -0.9348
vn -0.2743 -0.0008 0.9617
vn -0.0484 0.9481 -0.3142
vn -0.1273 -0.0006 0.9919
vn 0.0630 0.9973 -0.0380
vn 0.1029 -0.9936 -0.0468
vn 0.9874 -0.0007 0.1584
vn -0.1110 0.9036 0.4137
vn -0.1291 -0.0006 0.9916
vn -0.1761 -0.1936 0.9651
vn -0.1664 0.0002 0.9861
vn 0.9983 -0.0008 0.0589
vn -0.0456 -0.9919 -0.1184
vn -0.0258 0.9930 -0.1149
vn -0.7818 -0.0683 -0.6198
vn -0.8494 0.0510 -0.5252
vn -0.2284 -0.1654 -0.9594
vn -0.2088 -0.0967 -0.9732
vn -0.2101 -0.0234 -0.9774
vn -0.8290 0.0093 -0.5592
vn -0.2332 -0.1143 -0.9657
vn -0.7736 -0.0978 -0.6261
vn 0.9706 -0.0333 -0.2384
vn -0.0198 -0.9692 0.2453
vn 0.0916 0.9956 -0.0177
vn 0.2070 0.9747 -0.0849
vn -0.1292 -0.2716 0.9537
vn -0.9806 -0.1957 -0.0077
vn -0.9941 -0.1086 -0.0000
vn -0.2215 -0.2202 0.9500
vn -0.1395 -0.3027 -0.9428
vn -0.9792 -0.1306 0.1554
vn -0.7988 0.1986 0.5679
vn -0.2232 -0.3238 -0.9194
vn -0.8097 0.1150 -0.5755
vn -0.9867 0.0607 0.1507
vn -0.9983 -0.0474 -0.0333
vn 0.4708 0.8816 0.0334
vn 0.5109 0.8597 -0.0001
vn -0.0000 0.9993 0.0383
vn -0.0036 0.9941 -0.1087
vn 0.0001 1.0000 0.0020
vn -0.1315 0.9913 -0.0000
vn -0.1104 0.9926 -0.0513
vn 0.0553 -0.9985 -0.0000
vn 0.7432 -0.6689 0.0154
vn -0.8154 -0.0551 0.5762
vn -0.2275 -0.0349 0.9732
vn -0.0093 -0.3179 -0.9481
vn 0.0096 -0.3238 0.9461
vn -0.1280 0.2588 0.9574
vn -0.0962 0.7047 0.7030
vn -0.0817 0.9627 0.2580
vn -0.0877 0.9622 -0.2578
vn -0.1132 0.7035 -0.7016
vn -0.1510 0.2558 -0.9548
vn -1.0000 0.0027 -0.0007
vn 0.0031 -0.3179 -0.9481
vn -0.0557 -0.2904 0.9553
vn -0.0082 -0.5562 0.8310
vn -0.1168 0.7032 0.7014
vn -0.0939 0.9617 0.2577
vn -0.0938 0.9617 -0.2577
vn -0.1163 0.7032 -0.7015
vn -0.1554 0.2557 -0.9542
vn -1.0000 0.0025 -0.0007
vn -0.9991 0.0375 0.0179
vn -0.9854 -0.0953 -0.1411
vn -0.9989 -0.0474 -0.0000
vn -0.9584 -0.0881 0.2715
vn -0.9990 0.0437 -0.0069
vn 0.8212 -0.5696 0.0351
vn 0.0465 -0.8396 -0.5413
vn 0.2527 -0.0964 0.9627
vn 0.3524 0.9358 0.0001
vn 0.3590 0.9331 -0.0223
vn 0.5273 0.0832 0.8456
vn 0.7375 -0.6717 -0.0695
vn 0.7255 -0.6861 -0.0549
vn 0.3946 -0.2817 0.8746
vn 0.3286 -0.2857 0.9002
vn 0.8337 -0.5028 0.2284
vn 0.8318 0.0838 0.5487
vn 0.8541 -0.4735 -0.2152
vn 0.3519 0.9345 0.0527
vn 0.3285 -0.2874 -0.8997
vn 0.9100 0.0779 0.4072
vn 0.8698 0.1033 0.4825
vn 0.8395 0.3819 -0.3865
vn 0.7911 0.4304 0.4346
vn 0.7940 0.5873 -0.1574
vn 0.8463 0.3907 -0.3622
vn 0.8004 0.4266 0.4211
vn 0.9043 0.0814 -0.4191
vn 0.9156 0.2996 -0.2681
vn 0.8478 0.3727 0.3772
vn 0.8730 0.0911 0.4792
vn 0.8528 0.3743 0.3641
vn 0.9095 0.0776 -0.4084
vn 0.8990 0.1918 0.3938
vn 0.7714 0.6147 -0.1647
vn 0.8804 0.2710 0.3892
vn 0.7454 0.6439 0.1725
vn 0.8960 0.1913 -0.4008
vn 0.8461 0.3799 -0.3738
vn 0.7945 0.5865 0.1572
vn 0.8468 0.3740 -0.3783
vn -0.9946 0.0279 -0.1003
vn -0.9947 -0.0181 -0.1011
vn -0.9975 -0.0703 -0.0000
vn -0.9977 0.0685 -0.0015
vn -0.9981 0.0617 0.0031
vn -0.9972 0.0566 -0.0491
vn -1.0000 -0.0000 0.0076
vn -0.9952 -0.0017 -0.0982
vn -0.9978 0.0519 -0.0405
vn -0.0000 0.2415 -0.9704
vn -0.9980 0.0494 -0.0406
vn -0.9699 -0.2435 -0.0000
vn -0.8559 0.4310 -0.2857
vn 0.9905 -0.1212 0.0652
vn -0.0969 -0.0161 -0.9952
vn -1.0000 -0.0001 0.0011
vn -0.9946 -0.1034 -0.0041
vn 0.9998 -0.0151 0.0088
vn 0.9987 0.0512 -0.0035
vn 0.9997 -0.0221 -0.0129
vn 0.9987 0.0499 -0.0035
vn 0.9987 0.0498 0.0134
vn 0.9999 -0.0146 0.0085
vn 0.9984 0.0546 0.0146
vn 0.9997 -0.0248 0.0067
vn 0.9997 -0.0249 0.0067
vn 0.9998 -0.0138 -0.0138
vn 0.9997 -0.0251 0.0067
vn 0.9998 -0.0133 -0.0133
vn 0.9996 -0.0230 -0.0135
vn -0.0000 -0.9976 -0.0691
vn 0.2884 -0.9048 -0.3133
vn 0.0979 -0.9935 -0.0587
vn 0.0661 0.8576 0.5101
vn 0.0778 0.8494 0.5220
vn 0.1905 0.8666 0.4613
vn 0.0620 0.8506 0.5222
vn 0.2003 0.8232 0.5312
vn 0.0606 0.8505 0.5224
vn 0.0756 0.8570 0.5097
vn 0.0050 1.0000 -0.0000
vn 0.0226 -0.9997 -0.0000
vn 0.0001 -1.0000 -0.0000
vn 0.0417 0.9991 -0.0000
vn 0.0611 0.8538 0.5170
vn 0.0589 0.8592 0.5082
vn -0.8540 -0.5202 -0.0000
vn 0.0911 0.9958 -0.0000
vn -0.0213 0.9982 -0.0568
vn 0.0531 0.9986 -0.0000
vn -0.1343 0.0160 0.9908
vn -0.0182 0.9965 0.0820
vn -0.8162 0.0474 0.5758
vn -0.0494 0.9985 -0.0233
vn -0.0180 0.9735 0.2279
vn -0.1059 0.9835 0.1465
vn -0.2663 0.7257 0.6344
vn -0.0197 0.9673 0.2530
vn -0.9983 0.0589 -0.0000
vn -0.9986 0.0534 -0.0000
vn -0.9893 -0.0000 0.1460
vn 0.9989 -0.0465 -0.0000
vn -0.1359 0.0989 0.9858
vn 0.0159 0.2581 0.9660
vn -0.1343 -0.0160 -0.9908
vn -0.0161 0.9998 0.0146
vn -0.0161 0.9998 0.0140
vn -0.2298 0.0264 0.9729
vn -0.8932 0.4484 0.0345
vn -0.1236 0.6934 0.7098
vn -0.8899 0.4561 -0.0100
vn -0.6731 0.7087 -0.2113
vn -0.8262 0.5520 0.1129
vn -0.1230 0.7012 -0.7023
vn -0.9437 0.3303 -0.0165
vn -0.8222 0.5678 0.0396
vn 0.8656 -0.5008 -0.0000
vn -0.2187 0.6474 -0.7301
vn -0.1106 0.6899 -0.7154
vn -0.1078 0.5025 -0.8578
vn 0.1109 0.7868 -0.6071
vn -0.2179 0.6851 -0.6951
vn -0.1595 0.8357 -0.5255
vn -0.0365 0.9993 -0.0000
vn 0.0056 -1.0000 -0.0000
vn -0.0122 0.9999 -0.0000
vn -0.0057 -1.0000 -0.0000
vn -0.8816 0.4720 0.0090
vn -0.8909 0.4538 -0.0209
vn -0.8330 0.5475 0.0805
vn -0.8817 0.4718 0.0086
vn -0.8638 0.5033 -0.0221
vn -0.7855 0.1196 0.6072
vn -0.8152 0.5704 -0.1008
vn -0.7978 0.2163 0.5628
vn -0.9738 -0.0000 -0.2274
vn -0.8610 -0.0495 -0.5062
vn -0.2210 -0.1811 0.9583
vn -0.8608 -0.3221 -0.3940
vn 0.0349 0.9972 -0.0661
vn -0.9996 -0.0266 -0.0000
vn -0.1281 -0.1749 0.9762
vn -0.1916 -0.1499 -0.9700
vn -0.1374 -0.1749 -0.9750
vn -0.1258 -0.1103 -0.9859
vn -0.1343 -0.0000 -0.9909
vn -0.1219 0.1066 -0.9868
vn -0.1315 -0.0000 -0.9913
vn 0.0452 -0.9990 -0.0000
vn 0.0845 0.9964 -0.0000
vn -0.1660 -0.0000 -0.9861
vn 0.9893 -0.0000 -0.1460
vn -0.0666 0.9977 0.0098
vn -0.0461 -0.9989 0.0068
vn -0.7719 0.0327 0.6348
vn -0.8460 -0.0590 0.5299
vn -0.2361 0.1159 0.9648
vn -0.2440 0.0932 0.9653
vn -0.2226 0.0744 0.9721
vn -0.8228 0.0370 0.5671
vn -0.2239 0.1129 0.9681
vn -0.7765 0.1078 0.6208
vn 0.8607 0.0150 0.5090
vn -0.0339 0.9937 -0.1066
vn 0.0853 -0.9870 0.1365
vn 0.1035 -0.9837 0.1470
vn -0.1292 0.2735 -0.9531
vn -0.2242 0.2218 -0.9490
vn -0.1291 0.3072 0.9429
vn -0.7991 -0.2087 -0.5638
vn -0.2263 0.3312 0.9160
vn -0.8094 -0.1154 0.5759
vn -0.9996 -0.0280 0.0003
vn -0.0099 -0.9991 -0.0418
vn -0.1315 -0.9913 -0.0000
vn -0.0000 -0.9930 0.1177
vn -0.0278 -0.9927 0.1177
vn -0.0137 -0.2582 0.9660
vn -0.8168 0.0287 -0.5763
vn -0.2299 -0.0050 -0.9732
vn -0.9989 0.0466 -0.0000
vn -0.9900 0.0483 0.1328
vn -0.9685 0.1056 -0.2256
vn -0.9989 0.0465 -0.0000
vn -0.0531 -0.9986 -0.0000
vn -0.9989 0.0467 0.0081
vn -0.0137 -0.2582 -0.9660
vn 0.0137 0.2582 -0.9660
vn 0.9989 -0.0465 -0.0051
vn 0.0137 0.2582 0.9660
vn 0.1238 -0.9920 0.0232
vn -0.8156 -0.5786 -0.0019
vn 0.1389 -0.0605 -0.9885
vn -0.9676 0.0007 -0.2526
vn -0.9999 0.0091 0.0090
vn 1.0000 0.0021 0.0051
vn 0.0224 -0.9966 -0.0797
vn 0.0824 -0.8538 -0.5141
vn 0.8054 -0.0866 -0.5864
vn 0.0498 -0.9985 0.0230
vn 0.0180 -0.9736 -0.2274
vn 0.0998 -0.9836 -0.1505
vn 1.0000 0.0022 -0.0000
vn 0.0589 -0.8598 -0.5073
vn -0.2876 0.6386 0.7137
vn 0.0131 -0.9668 -0.2551
vn -0.3438 -0.3711 0.8626
vn 0.9941 -0.1054 -0.0258
vn 0.9710 0.0013 -0.2389
vn 0.5460 -0.8314 -0.1034
vn 0.1476 -0.0957 -0.9844
vn -0.4470 -0.2678 -0.8535
vn 0.1344 -0.0204 0.9907
vn 0.0140 -0.9998 -0.0165
vn -0.9390 -0.0025 -0.3439
vn 0.0185 -0.9997 -0.0165
vn 0.2296 -0.0569 -0.9716
vn -0.9999 -0.0103 0.0110
vn 0.9445 -0.3284 -0.0001
vn 0.1337 -0.6908 -0.7105
vn -0.6437 0.7652 0.0059
vn -0.5467 0.7921 -0.2714
vn -0.8365 0.5464 0.0401
vn 0.1273 -0.7126 0.6899
vn 0.8916 -0.4528 0.0001
vn 0.8242 -0.5649 -0.0390
vn -0.8243 0.5626 -0.0639
vn 0.2019 -0.7125 0.6720
vn 0.1229 -0.7832 0.6095
vn 0.1207 -0.7698 0.6267
vn 0.2955 -0.8131 0.5016
vn 0.2196 -0.6857 0.6940
vn 0.1455 -0.8292 0.5396
vn 0.0344 -0.9993 -0.0178
vn -0.0402 0.9992 -0.0007
vn 0.0379 -0.9832 0.1787
vn 0.0122 0.9985 0.0542
vn 0.0009 -0.9996 0.0274
vn 0.8970 -0.4420 -0.0072
vn 0.8670 -0.4979 0.0201
vn 0.8445 -0.5301 -0.0762
vn 0.8387 -0.5397 0.0727
vn 0.8670 -0.4979 0.0199
vn -0.0309 -0.0684 0.9972
vn -0.1147 0.9930 0.0281
vn -0.3976 0.7968 -0.4551
vn 0.7853 -0.1184 -0.6077
vn 0.8097 -0.5801 0.0887
vn 0.7900 -0.2625 -0.5540
vn 0.9758 0.0031 0.2188
vn 0.6090 0.0783 0.7893
vn 0.2172 0.1766 -0.9600
vn 0.8846 0.1228 0.4499
vn -0.1733 -0.9762 0.1301
vn 0.9942 0.0190 0.1062
vn -0.9565 -0.2013 -0.2110
vn 0.1383 0.1720 -0.9753
vn 0.1872 0.1491 0.9709
vn 0.5667 -0.8237 0.0183
vn 0.9996 0.0265 -0.0000
vn 0.9967 0.0073 -0.0810
vn 0.1376 0.1730 0.9753
vn -0.1178 -0.2456 -0.9622
vn 0.5529 0.0083 0.8332
vn 0.0484 0.9481 -0.3142
vn 0.1273 -0.0006 0.9919
vn -0.0630 0.9973 -0.0380
vn -0.1137 -0.9740 -0.1960
vn -0.9795 -0.0082 -0.2013
vn 0.1110 0.9036 0.4137
vn 0.1291 -0.0006 0.9916
vn 0.1594 0.0477 0.9861
vn 0.1663 -0.0001 0.9861
vn -0.9983 -0.0008 0.0589
vn 0.0456 -0.9919 -0.1184
vn 0.0281 0.9939 -0.1069
vn 0.7818 -0.0683 -0.6198
vn 0.8494 0.0510 -0.5252
vn 0.2407 -0.1170 -0.9635
vn 0.2088 -0.0967 -0.9732
vn 0.2101 -0.0234 -0.9774
vn 0.8175 -0.0476 -0.5739
vn 0.2332 -0.1143 -0.9657
vn 0.7736 -0.0978 -0.6261
vn -0.9668 -0.0361 -0.2528
vn 0.0132 -0.9644 0.2642
vn -0.0916 0.9956 -0.0177
vn -0.2472 0.9681 -0.0418
vn 0.1292 -0.2716 0.9537
vn 0.9868 -0.1522 -0.0562
vn 0.9941 -0.1086 -0.0000
vn 0.2215 -0.2202 0.9500
vn 0.1396 -0.3033 -0.9426
vn 0.9792 -0.1306 0.1554
vn 0.7988 0.1986 0.5679
vn 0.2167 -0.2965 -0.9301
vn 0.8097 0.1150 -0.5755
vn 0.9867 0.0607 0.1507
vn 0.9990 0.0246 -0.0371
vn -0.5954 0.8028 0.0323
vn -0.5109 0.8597 -0.0001
vn 0.0182 0.9953 -0.0955
vn -0.0001 1.0000 0.0020
vn -0.0001 1.0000 -0.0000
vn 0.1315 0.9913 -0.0000
vn 0.1104 0.9926 -0.0513
vn -0.0554 -0.9985 -0.0000
vn -0.7432 -0.6689 0.0154
vn 0.8154 -0.0551 0.5762
vn 0.2275 -0.0349 0.9732
vn 0.0093 -0.3179 -0.9481
vn -0.0096 -0.3238 0.9461
vn 0.1280 0.2588 0.9574
vn 0.0962 0.7047 0.7030
vn 0.0817 0.9627 0.2580
vn 0.0877 0.9622 -0.2578
vn 0.1132 0.7035 -0.7016
vn 0.9901 -0.1119 0.0843
vn 0.9999 0.0037 0.0139
vn -0.0047 -0.3185 -0.9479
vn -0.0007 -0.2716 0.9624
vn 0.9896 -0.1147 -0.0864
vn 0.1168 0.7032 0.7014
vn 0.0939 0.9617 0.2577
vn 0.0938 0.9617 -0.2577
vn 0.1163 0.7032 -0.7015
vn 0.9836 -0.1800 0.0055
vn 1.0000 0.0021 0.0080
vn 0.9991 0.0375 0.0179
vn 0.9946 -0.0264 -0.1003
vn 0.9989 -0.0474 -0.0000
vn 0.9584 -0.0881 0.2715
vn 0.9983 -0.0584 -0.0072
vn -0.8212 -0.5696 0.0351
vn -0.0465 -0.8396 -0.5413
vn -0.2527 -0.0964 0.9627
vn -0.3524 0.9358 0.0001
vn -0.3590 0.9331 -0.0223
vn -0.2750 -0.0022 -0.9615
vn -0.1430 0.9875 -0.0669
vn -0.2720 0.4615 0.8444
vn -0.1666 -0.2836 0.9444
vn -0.1591 -0.2847 0.9453
vn -0.3393 0.4146 0.8444
vn -0.8318 0.0838 0.5487
vn -0.8541 -0.4735 -0.2152
vn -0.0669 0.9974 0.0264
vn -0.3285 -0.2874 -0.8997
vn -0.9100 0.0779 0.4073
vn -0.8698 0.1033 0.4825
vn -0.8480 0.3760 -0.3734
vn -0.7911 0.4304 0.4346
vn -0.7940 0.5873 -0.1574
vn -0.8568 0.3442 -0.3840
vn -0.8004 0.4266 0.4211
vn -0.9105 0.0873 -0.4041
vn -0.9049 0.1006 -0.4135
vn -0.8478 0.3727 0.3772
vn -0.8730 0.0911 0.4792
vn -0.8528 0.3743 0.3641
vn -0.9155 0.0832 -0.3936
vn -0.8990 0.1918 0.3938
vn -0.7714 0.6147 -0.1647
vn -0.8804 0.2710 0.3892
vn -0.7454 0.6439 0.1725
vn -0.8884 0.1553 -0.4321
vn -0.8470 0.3595 -0.3916
vn -0.7945 0.5865 0.1572
vn -0.8551 0.3678 -0.3654
vn 0.9951 0.0272 -0.0947
vn 0.9947 -0.0181 -0.1011
vn 0.9975 -0.0703 -0.0000
vn 0.9970 0.0777 -0.0018
vn 0.9977 0.0683 -0.0000
vn 0.9933 0.0825 -0.0804
vn 0.9265 0.3762 -0.0000
vn 0.9953 -0.0016 -0.0968
vn 0.9978 0.0519 -0.0405
vn 0.0720 0.2416 -0.9677
vn 0.9818 0.0960 -0.1640
vn 0.9699 -0.2435 -0.0000
vn 0.9981 0.0518 -0.0328
vn 0.9981 -0.0068 -0.0610
vn 0.0969 -0.0161 -0.9952
vn 0.9974 0.0721 0.0010
vn 0.9946 -0.1034 -0.0041
vn -0.9998 -0.0141 0.0141
vn -0.9986 0.0511 -0.0137
vn -0.9997 -0.0249 -0.0067
vn -0.9987 0.0498 -0.0134
vn -0.9987 0.0498 0.0134
vn -0.9998 -0.0133 0.0133
vn -0.9984 0.0546 0.0146
vn -0.9997 -0.0248 0.0067
vn -0.9997 -0.0249 0.0067
vn -0.9998 -0.0138 -0.0138
vn -0.9997 -0.0251 0.0067
vn -0.9998 -0.0133 -0.0133
vn -0.9996 -0.0259 -0.0069
vn -0.0000 -0.9976 0.0691
vn -0.0661 0.8576 0.5101
vn -0.0778 0.8494 0.5220
vn -0.2299 0.8389 0.4934
vn -0.0620 0.8506 0.5222
vn -0.2003 0.8232 0.5312
vn -0.0605 0.8506 0.5224
vn -0.0756 0.8570 0.5097
vn -0.0050 1.0000 -0.0000
vn -0.0226 -0.9997 -0.0000
vn -0.0001 -1.0000 -0.0000
vn -0.0417 0.9991 -0.0000
vn -0.2354 0.8239 0.5155
vn -0.0765 0.8553 0.5124
vn 0.8541 -0.5202 -0.0000
vn -0.0911 0.9958 -0.0000
vn 0.0213 0.9982 -0.0568
vn 0.1343 0.0160 0.9908
vn 0.0488 0.9986 0.0205
vn 0.0494 0.9985 -0.0233
vn 0.0255 0.9752 0.2199
vn 0.1405 0.9868 0.0812
vn 0.2471 0.7359 0.6304
vn 0.2663 0.7257 0.6344
vn 0.0387 0.9729 0.2278
vn 0.9983 0.0589 -0.0000
vn 0.1381 0.0956 0.9858
vn -0.0159 0.2581 0.9660
vn 0.1326 -0.0099 -0.9911
vn 0.0161 0.9998 0.0146
vn 0.0161 0.9998 0.0140
vn 0.2298 0.0264 0.9729
vn 0.8932 0.4484 0.0345
vn 0.1270 0.7062 0.6965
vn 0.7837 0.6210 -0.0114
vn 0.7956 0.6044 -0.0414
vn 0.1043 0.8839 -0.4560
vn 0.2738 0.6795 -0.6806
vn 0.7891 0.6143 -0.0000
vn 0.8937 0.4486 -0.0000
vn 0.1230 0.7012 -0.7023
vn 0.9437 0.3303 -0.0165
vn 0.8397 0.5268 0.1316
vn 0.2187 0.6474 -0.7301
vn 0.1106 0.6899 -0.7154
vn 0.1078 0.5025 -0.8578
vn -0.1109 0.7868 -0.6071
vn 0.1987 0.7189 -0.6661
vn 0.0952 0.8346 -0.5426
vn 0.0641 0.8431 -0.5339
vn 0.1595 0.8357 -0.5255
vn 0.8816 0.4720 0.0090
vn 0.8909 0.4538 -0.0209
vn 0.8358 0.5403 -0.0976
vn 0.8620 0.5060 -0.0301
vn 0.8326 0.5538 0.0103
vn 0.7978 0.2163 0.5628
vn 0.2169 -0.1708 0.9611
vn 0.8608 -0.3221 -0.3940
vn 0.1283 -0.1754 0.9761
vn 0.1647 -0.1962 -0.9666
vn 0.1457 -0.1516 -0.9776
vn 0.1258 -0.1103 -0.9859
vn 0.7832 0.0635 0.6185
vn 0.7778 -0.0000 0.6285
vn 0.2361 0.1159 0.9648
vn 0.2339 0.0970 0.9674
vn 0.2345 0.1022 0.9667
vn 0.8228 0.0370 0.5671
vn 0.2341 0.0935 0.9677
vn 0.8200 -0.0596 0.5693
vn 0.1191 0.2277 -0.9664
vn 0.1902 0.1410 -0.9716
vn 0.1291 0.3072 0.9429
vn 0.9070 0.2172 -0.3608
vn 0.2263 0.3312 0.9160
vn 0.8100 -0.1197 0.5740
vn 0.9996 -0.0278 0.0002
vn 0.9996 -0.0266 0.0001
vn 0.0480 -0.9983 -0.0339
vn 0.0054 -0.9992 -0.0401
vn 0.0617 -0.9971 0.0435
vn 0.1357 -0.9907 -0.0027
vn 0.0278 -0.9927 0.1177
vn 0.9885 0.0804 0.1282
vn 0.9900 0.0483 0.1328
vn 0.9861 -0.0257 -0.1640
vn 0.9694 0.0413 -0.2421
vn 0.0531 -0.9986 0.0060
vn -0.0531 0.9985 0.0124
vn 0.9988 0.0467 -0.0162
vn -0.9989 -0.0465 -0.0051
vn -0.1238 -0.9920 0.0232
vn 0.8156 -0.5786 -0.0019
vn -0.1389 -0.0605 -0.9885
vn 0.9676 0.0007 -0.2526
vn 0.9999 0.0091 0.0090
vn 0.9999 0.0106 0.0044
vn 0.9999 -0.0094 -0.0069
vn 1.0000 0.0016 -0.0046
vn -1.0000 0.0008 0.0035
vn -0.0560 -0.9984 -0.0126
vn -0.0824 -0.8538 -0.5141
vn -0.8034 -0.0744 -0.5907
vn -0.0498 -0.9985 0.0230
vn -0.0255 -0.9753 -0.2193
vn -0.1382 -0.9872 -0.0791
vn -1.0000 0.0015 -0.0001
vn -0.0589 -0.8598 -0.5073
vn -0.2340 -0.7436 -0.6264
vn -0.2738 -0.6697 -0.6903
vn -0.0342 -0.9732 -0.2273
vn -0.0176 -0.3741 0.9272
vn -0.9949 -0.0977 -0.0236
vn -0.9708 0.0008 -0.2398
vn -0.5460 -0.8314 -0.1034
vn -0.1478 -0.0954 -0.9844
vn 0.2391 -0.2742 -0.9315
vn -0.1319 -0.0301 0.9908
vn -0.0140 -0.9998 -0.0165
vn -0.9972 0.0015 0.0747
vn -0.9994 -0.0213 0.0274
vn -0.9983 -0.0565 0.0151
vn -0.9438 -0.3304 -0.0001
vn -0.9972 -0.0726 -0.0194
vn -0.9983 -0.0384 -0.0445
vn -0.0185 -0.9997 -0.0165
vn -0.2296 -0.0569 -0.9716
vn 0.9970 -0.0773 0.0040
vn -0.9445 -0.3284 -0.0001
vn -0.1370 -0.7046 -0.6962
vn -0.7824 -0.6227 0.0138
vn -0.8909 -0.4531 0.0321
vn -0.2724 -0.6776 0.6831
vn -0.1000 -0.8906 0.4436
vn -0.7869 -0.6171 0.0038
vn -0.8909 -0.4443 -0.0950
vn -0.1273 -0.7126 0.6899
vn -0.8916 -0.4528 0.0001
vn -0.8414 -0.5245 -0.1301
vn 0.8243 0.5626 -0.0639
vn -0.2019 -0.7125 0.6720
vn -0.1229 -0.7832 0.6095
vn -0.1207 -0.7698 0.6267
vn -0.2955 -0.8131 0.5016
vn -0.1835 -0.7467 0.6394
vn -0.0580 -0.8344 0.5480
vn -0.0967 -0.8240 0.5583
vn -0.1455 -0.8292 0.5396
vn -0.0344 -0.9993 -0.0178
vn 0.0537 0.9907 -0.1251
vn -0.0379 -0.9832 0.1787
vn -0.0132 0.9999 -0.0006
vn -0.2093 -0.9775 0.0250
vn -0.8970 -0.4420 -0.0072
vn -0.8670 -0.4979 0.0201
vn -0.8445 -0.5301 -0.0762
vn -0.8717 -0.4898 0.0156
vn -0.8396 -0.5432 -0.0100
vn 0.0309 -0.0684 0.9972
vn 0.3643 0.9311 0.0175
vn 0.0838 0.8112 -0.5787
vn -0.7900 -0.2625 -0.5540
vn -0.9758 0.0031 0.2188
vn -0.6090 0.0783 0.7893
vn -0.2139 0.1685 -0.9622
vn -0.8846 0.1228 0.4499
vn 0.2323 -0.9559 0.1795
vn -0.9914 -0.0010 0.1307
vn -0.9913 -0.0971 0.0884
vn 0.9565 -0.2013 -0.2110
vn -0.1398 0.1770 -0.9742
vn -0.1580 0.1986 0.9673
vn -0.9941 0.0021 0.1080
vn -0.9992 -0.0246 0.0302
vn -0.9995 0.0023 -0.0311
vn -0.9998 -0.0123 -0.0183
vn -0.9974 -0.0696 0.0187
vn -0.9990 -0.0442 -0.0118
vn -0.9967 0.0073 -0.0810
vn -0.9974 0.0386 -0.0603
vn -0.1457 0.1506 0.9778
vn 0.1178 -0.2456 -0.9622
vn -0.5529 0.0083 0.8332
vn -0.1591 0.5613 0.8122
vn -0.1270 0.0002 0.9919
vn 0.0755 0.9775 -0.1972
vn 0.1137 -0.9740 -0.1960
vn 0.9795 -0.0082 -0.2013
vn -0.1600 -0.0080 0.9871
vn 0.0344 0.0107 0.9994
vn -0.1594 0.0477 0.9861
vn -0.1663 -0.0001 0.9861
vn 0.9983 -0.0006 0.0584
vn -0.0483 -0.9928 -0.1093
vn -0.0281 0.9939 -0.1069
vn -0.7837 -0.0746 -0.6166
vn -0.7837 0.0027 -0.6211
vn -0.2407 -0.1170 -0.9635
vn -0.2151 -0.0946 -0.9720
vn -0.2305 -0.0754 -0.9701
vn -0.8175 -0.0476 -0.5739
vn -0.2461 -0.0929 -0.9648
vn -0.8193 0.0474 -0.5715
vn 0.9668 -0.0361 -0.2528
vn -0.0132 -0.9644 0.2642
vn 0.1036 0.9945 0.0179
vn 0.2472 0.9681 -0.0418
vn -0.1190 -0.2260 0.9668
vn -0.9868 -0.1522 -0.0562
vn -0.9941 -0.1085 -0.0000
vn -0.1838 -0.1334 0.9739
vn -0.1396 -0.3033 -0.9426
vn -0.9895 -0.0954 0.1085
vn -0.9112 -0.2026 0.3586
vn -0.2167 -0.2965 -0.9301
vn -0.8098 0.1157 -0.5752
vn 0.2705 -0.2586 0.9274
vn -0.9742 -0.1762 0.1413
vn -0.9990 0.0246 -0.0371
vn -0.9991 0.0238 -0.0365
vn -0.1315 0.9910 -0.0232
vn -0.1304 0.9912 -0.0244
vn -0.0478 0.9988 0.0122
vn -0.0733 0.9968 0.0320
vn -0.0064 0.9989 0.0458
vn -0.0247 0.9982 0.0553
vn -0.1255 0.9903 0.0599
vn -0.0470 0.9945 0.0941
vn -0.0635 0.9979 0.0087
vn 0.5954 0.8028 0.0323
vn 0.0224 0.1825 -0.9829
vn -0.1317 0.9896 0.0571
vn 0.5144 0.8576 -0.0000
vn -0.1313 0.9896 0.0582
vn -0.0055 0.9993 0.0366
vn -0.0182 0.9953 -0.0955
vn -0.0036 1.0000 -0.0000
vn 0.0001 1.0000 -0.0000
vn -0.0994 0.9938 -0.0499
vn 0.0285 0.9992 -0.0263
vn -0.1346 0.9905 -0.0265
vn -0.0217 0.9938 -0.1087
vn 0.0554 -0.9985 -0.0000
vn 0.2720 0.4615 -0.8444
vn -0.8009 -0.1034 0.5898
vn -0.2302 -0.0282 0.9727
vn -0.0039 -0.2952 -0.9554
vn -0.0093 -0.3055 0.9521
vn -0.0054 -0.2952 0.9554
vn -0.0294 -0.3238 0.9457
vn -0.0089 -0.4088 0.9126
vn -0.9888 -0.1445 -0.0365
vn -0.1269 0.2666 0.9554
vn -0.1287 0.2567 0.9579
vn -0.0968 0.7038 0.7038
vn -0.0968 0.7018 0.7058
vn -0.1126 0.7026 -0.7026
vn -0.1132 0.7005 -0.7046
vn -0.1491 0.2613 -0.9537
vn -0.9901 -0.1119 0.0843
vn -0.0085 -0.5047 -0.8632
vn -0.9999 0.0037 -0.0139
vn -1.0000 0.0036 -0.0036
vn -0.9999 0.0037 0.0139
vn -1.0000 0.0036 0.0036
vn -1.0000 0.0027 0.0007
vn -0.0152 -0.3029 -0.9529
vn -0.0093 -0.2934 -0.9560
vn 0.0047 -0.3185 -0.9479
vn 0.0007 -0.2716 0.9624
vn 0.0081 -0.3165 0.9486
vn -0.0094 -0.2791 0.9602
vn -0.9896 -0.1147 -0.0864
vn -0.1540 0.2613 0.9529
vn -0.1560 0.2557 0.9541
vn -0.1162 0.7023 0.7023
vn -0.1169 0.6996 0.7049
vn -0.1157 0.7024 -0.7024
vn -0.1167 0.6974 -0.7071
vn -0.1533 0.2613 -0.9530
vn -0.9836 -0.1800 0.0055
vn -0.0079 -0.5916 -0.8062
vn -0.9999 0.0042 -0.0156
vn -1.0000 0.0016 0.0006
vn -1.0000 0.0035 -0.0035
vn -1.0000 0.0021 0.0080
vn -1.0000 0.0020 0.0020
vn -1.0000 0.0015 0.0004
vn -0.9988 -0.0472 0.0089
vn -0.9983 -0.0554 0.0170
vn -0.9890 -0.0163 -0.1469
vn -0.9946 -0.0264 -0.1003
vn -0.9593 -0.0084 0.2824
vn -0.9689 0.0198 0.2465
vn -0.9983 -0.0584 -0.0072
vn -0.9989 -0.0474 -0.0033
vn 0.1407 0.9899 -0.0142
vn 0.7553 -0.6553 0.0089
vn -0.8681 0.4471 0.2155
vn 0.3592 0.9333 -0.0000
vn 0.0679 0.9976 -0.0113
vn 0.2750 -0.0022 -0.9615
vn 0.1430 0.9875 -0.0669
vn 0.2720 0.4615 0.8444
vn 0.1666 -0.2836 0.9444
vn 0.1591 -0.2847 0.9453
vn 0.3393 0.4146 0.8444
vn 0.9041 0.0927 0.4172
vn 0.3878 0.3897 -0.8353
vn 0.0669 0.9974 0.0264
vn 0.1502 -0.2857 -0.9465
vn 0.9159 0.0838 0.3926
vn 0.8711 0.1053 0.4796
vn 0.8480 0.3760 -0.3734
vn 0.8024 0.4235 0.4206
vn 0.8568 0.3442 -0.3840
vn 0.7992 0.4084 0.4411
vn 0.9105 0.0873 -0.4041
vn 0.9049 0.1006 -0.4135
vn 0.8561 0.3667 0.3642
vn 0.8784 0.1120 0.4646
vn 0.8560 0.3477 0.3825
vn 0.9155 0.0832 -0.3936
vn 0.8931 0.1541 0.4227
vn 0.8525 0.1694 0.4945
vn 0.8884 0.1553 -0.4321
vn 0.8470 0.3595 -0.3916
vn 0.8551 0.3678 -0.3654
vn -0.9951 0.0272 -0.0947
vn 0.4882 0.8727 -0.0021
vn -0.9946 -0.0182 -0.1026
vn -0.9988 -0.0332 0.0367
vn -0.9970 0.0777 -0.0018
vn -0.9977 0.0683 -0.0000
vn -0.9933 0.0825 -0.0804
vn -0.9265 0.3762 -0.0000
vn -0.9953 -0.0016 -0.0968
vn -0.9977 0.0537 -0.0414
vn -0.0720 0.2416 -0.9677
vn -0.9818 0.0960 -0.1640
vn -0.9261 -0.3748 -0.0417
vn -0.9981 0.0518 -0.0328
vn -0.9981 -0.0068 -0.0610
vn -0.0000 -0.0106 -0.9999
vn -0.9974 0.0721 0.0010
vn -1.0000 -0.0000 0.0009
vn 0.9998 -0.0141 0.0141
vn 0.9986 0.0511 -0.0137
vn 0.9997 -0.0249 -0.0067
vn 0.9987 0.0498 -0.0134
vn 0.9987 0.0499 0.0035
vn 0.9998 -0.0133 0.0133
vn 0.9754 0.0498 -0.2147
vn 0.9997 -0.0202 0.0118
vn 0.9999 -0.0134 -0.0078
vn 0.9997 -0.0223 0.0130
vn 0.9999 -0.0146 -0.0085
vn 0.9996 -0.0259 -0.0069
vn 0.0587 -0.9983 -0.0058
vn 0.2724 -0.9169 0.2916
vn 0.0792 0.8515 0.5184
vn 0.2299 0.8389 0.4934
vn 0.0832 0.8677 0.4901
vn 0.1346 0.8270 0.5459
vn 0.0605 0.8506 0.5224
vn 0.0049 1.0000 -0.0000
vn 0.2354 0.8239 0.5155
vn 0.0765 0.8553 0.5124
vn 0.0754 0.8582 0.5077
vn -0.8541 -0.5202 -0.0000
vn -0.1246 0.9919 -0.0231
vn -0.1326 0.0222 0.9909
vn -0.0488 0.9986 0.0205
vn -0.0491 0.9985 -0.0234
vn -0.0255 0.9752 0.2199
vn -0.1405 0.9868 0.0812
vn -0.2462 0.7361 0.6305
vn -0.2445 0.6776 0.6936
vn -0.0387 0.9729 0.2278
vn -0.9983 0.0586 -0.0003
vn -0.9985 0.0547 -0.0003
vn 0.0531 0.9986 -0.0069
vn -0.1381 0.0956 0.9858
vn 0.0137 0.2586 0.9659
vn -0.1326 -0.0099 -0.9911
vn -0.0203 0.9997 0.0159
vn -0.0185 0.9997 0.0146
vn -0.2298 0.0265 0.9729
vn -0.9445 0.3285 -0.0000
vn -0.1270 0.7062 0.6965
vn -0.7956 0.6044 -0.0414
vn -0.7837 0.6210 -0.0114
vn -0.2739 0.6795 -0.6806
vn -0.1043 0.8838 -0.4561
vn -0.8937 0.4486 -0.0000
vn -0.7891 0.6142 -0.0000
vn -0.1267 0.7102 -0.6925
vn -0.8899 0.4561 -0.0000
vn -0.8397 0.5268 0.1316
vn -0.2208 0.6599 -0.7182
vn -0.1229 0.7820 -0.6111
vn -0.1397 0.6502 -0.7468
vn -0.3180 0.8105 -0.4918
vn -0.1987 0.7189 -0.6661
vn -0.0641 0.8431 -0.5339
vn -0.0952 0.8346 -0.5426
vn -0.1685 0.8340 -0.5254
vn -0.8933 0.4494 0.0072
vn -0.8735 0.4865 -0.0204
vn -0.8358 0.5403 -0.0976
vn -0.8620 0.5060 -0.0301
vn -0.8326 0.5538 0.0103
vn -0.7972 0.2312 0.5576
vn -0.2169 -0.1708 0.9611
vn -0.8835 -0.1235 -0.4518
vn -0.1283 -0.1754 0.9761
vn -0.1647 -0.1962 -0.9666
vn -0.1457 -0.1516 -0.9776
vn -0.7832 0.0635 0.6185
vn -0.7778 -0.0000 0.6285
vn -0.2402 0.1021 0.9653
vn -0.2339 0.0970 0.9674
vn -0.2345 0.1022 0.9667
vn -0.8168 0.0612 0.5737
vn -0.2341 0.0935 0.9677
vn -0.8200 -0.0596 0.5693
vn -0.1191 0.2277 -0.9664
vn -0.1902 0.1410 -0.9716
vn -0.1281 0.3008 0.9450
vn -0.9070 0.2172 -0.3608
vn -0.2193 0.2999 0.9284
vn -0.8100 -0.1197 0.5740
vn -0.9996 -0.0278 0.0002
vn -0.9996 -0.0268 0.0002
vn -0.9996 -0.0266 0.0001
vn -0.0480 -0.9983 -0.0339
vn -0.0054 -0.9992 -0.0401
vn -0.0141 -0.9944 0.1051
vn -0.0617 -0.9971 0.0435
vn -0.1357 -0.9907 -0.0027
vn -0.1313 -0.9900 0.0509
vn -0.9885 0.0804 0.1282
vn -0.9935 0.0161 0.1128
vn -0.9694 0.0413 -0.2421
vn -0.9861 -0.0257 -0.1640
vn -0.0531 -0.9986 0.0060
vn 0.0531 0.9985 0.0124
vn -0.9988 0.0467 -0.0136
vn -0.0613 -0.9981 -0.0102
vn 0.9988 -0.0462 0.0162
vn 0.0139 -0.9982 0.0584
vn -0.0551 -0.9924 0.1104
vn 0.1459 -0.0338 -0.9887
vn -0.9690 0.0015 -0.2471
vn -0.9999 -0.0061 0.0131
vn -1.0000 0.0016 -0.0046
vn -0.9999 -0.0094 -0.0069
vn -0.9999 0.0106 0.0044
vn 1.0000 0.0008 0.0035
vn 0.0560 -0.9984 -0.0126
vn 0.1988 -0.8324 -0.5174
vn 0.8034 -0.0744 -0.5907
vn 0.0491 -0.9985 0.0233
vn 0.0255 -0.9753 -0.2193
vn 0.1382 -0.9872 -0.0791
vn 1.0000 0.0015 -0.0001
vn 0.0847 -0.8539 -0.5135
vn 0.2738 -0.6697 -0.6903
vn 0.2340 -0.7436 -0.6264
vn 0.0342 -0.9732 -0.2273
vn 0.0176 -0.3741 0.9272
vn 0.9949 -0.0977 -0.0236
vn 0.9708 0.0008 -0.2398
vn -0.1039 0.9910 0.0846
vn 0.1478 -0.0954 -0.9844
vn -0.2391 -0.2742 -0.9315
vn 0.1319 -0.0301 0.9908
vn 0.0139 -0.9998 -0.0165
vn 0.9994 -0.0213 0.0274
vn 0.9972 0.0015 0.0747
vn 0.9983 -0.0565 0.0151
vn 0.9438 -0.3304 -0.0001
vn 0.9972 -0.0726 -0.0194
vn 0.9983 -0.0384 -0.0445
vn 0.0172 -0.9997 -0.0161
vn 0.2265 -0.0644 -0.9719
vn -0.9970 -0.0773 0.0040
vn 0.8949 -0.4451 -0.0329
vn 0.1370 -0.7046 -0.6962
vn 0.8909 -0.4531 0.0321
vn 0.7824 -0.6227 0.0138
vn 0.0990 -0.8939 0.4372
vn 0.2724 -0.6776 0.6831
vn 0.7869 -0.6171 0.0038
vn 0.8909 -0.4443 -0.0950
vn 0.1224 -0.6995 0.7041
vn 0.9438 -0.3302 0.0153
vn 0.8414 -0.5245 -0.1301
vn -0.5802 0.7501 -0.3175
vn 0.2040 -0.7663 0.6092
vn 0.1106 -0.6909 0.7144
vn 0.1004 -0.5891 0.8018
vn -0.0470 -0.7980 0.6008
vn 0.1835 -0.7467 0.6394
vn 0.0967 -0.8240 0.5583
vn 0.0580 -0.8344 0.5480
vn 0.1681 -0.8251 0.5395
vn 0.0344 -0.9993 -0.0168
vn -0.0537 0.9907 -0.1251
vn 0.0031 -0.9998 -0.0182
vn 0.0132 0.9999 -0.0006
vn 0.2093 -0.9775 0.0250
vn 0.8191 -0.5735 -0.0162
vn 0.8998 -0.4357 0.0210
vn 0.8236 -0.5552 0.1157
vn 0.8717 -0.4898 0.0156
vn 0.8396 -0.5432 -0.0100
vn -0.2736 0.0779 0.9587
vn -0.3643 0.9311 0.0175
vn -0.0838 0.8112 -0.5787
vn 0.7911 -0.2194 -0.5710
vn 0.9762 0.0083 0.2169
vn 0.6278 0.0805 0.7742
vn 0.2139 0.1685 -0.9622
vn 0.8629 0.3202 0.3910
vn -0.2323 -0.9559 0.1795
vn 0.9914 -0.0010 0.1307
vn 0.9913 -0.0971 0.0884
vn -0.9773 -0.0959 -0.1887
vn 0.1398 0.1770 -0.9742
vn 0.1580 0.1986 0.9673
vn 0.9992 -0.0246 0.0302
vn 0.9941 0.0021 0.1080
vn 0.9995 0.0023 -0.0311
vn 0.9998 -0.0123 -0.0183
vn 0.9990 -0.0442 -0.0118
vn 0.9974 -0.0696 0.0187
vn 0.9933 -0.1157 0.0054
vn 0.9974 0.0386 -0.0603
vn 0.1457 0.1506 0.9778
vn -0.1102 -0.3376 -0.9348
vn 0.2743 -0.0008 0.9617
vn 0.1591 0.5613 0.8122
vn 0.1270 0.0002 0.9919
vn -0.0755 0.9775 -0.1972
vn -0.1029 -0.9936 -0.0468
vn -0.9874 -0.0007 0.1584
vn 0.1600 -0.0080 0.9871
vn -0.0344 0.0107 0.9994
vn 0.1761 -0.1936 0.9651
vn 0.1664 0.0002 0.9861
vn -0.9983 -0.0006 0.0584
vn 0.0483 -0.9928 -0.1093
vn 0.0258 0.9930 -0.1149
vn 0.7837 -0.0746 -0.6166
vn 0.7837 0.0027 -0.6211
vn 0.2284 -0.1654 -0.9594
vn 0.2151 -0.0946 -0.9720
vn 0.2305 -0.0754 -0.9701
vn 0.8290 0.0093 -0.5592
vn 0.2461 -0.0929 -0.9648
vn 0.8193 0.0474 -0.5715
vn -0.9706 -0.0333 -0.2384
vn 0.0198 -0.9692 0.2453
vn -0.1036 0.9945 0.0179
vn -0.2070 0.9747 -0.0849
vn 0.1190 -0.2260 0.9668
vn 0.9806 -0.1957 -0.0077
vn 0.9941 -0.1085 -0.0000
vn 0.1838 -0.1334 0.9739
vn 0.1395 -0.3027 -0.9428
vn 0.9895 -0.0954 0.1085
vn 0.9112 -0.2026 0.3586
vn 0.2232 -0.3238 -0.9194
vn 0.8098 0.1157 -0.5752
vn -0.2705 -0.2586 0.9274
vn 0.9742 -0.1762 0.1413
vn 0.9983 -0.0474 -0.0333
vn 0.9991 0.0238 -0.0365
vn 0.1304 0.9912 -0.0244
vn 0.1315 0.9910 -0.0232
vn 0.0064 0.9989 0.0458
vn 0.0733 0.9968 0.0320
vn 0.1255 0.9903 0.0599
vn 0.0470 0.9945 0.0941
vn 0.0478 0.9988 0.0122
vn 0.0247 0.9982 0.0553
vn 0.0635 0.9979 0.0087
vn -0.4708 0.8816 0.0334
vn -0.0224 0.1825 -0.9829
vn 0.1313 0.9896 0.0582
vn 0.1317 0.9896 0.0571
vn -0.5144 0.8576 -0.0000
vn 0.0055 0.9993 0.0366
vn 0.0036 0.9941 -0.1087
vn 0.0036 1.0000 -0.0000
vn -0.0285 0.9992 -0.0263
vn 0.0994 0.9938 -0.0499
vn 0.1346 0.9905 -0.0265
vn 0.0217 0.9938 -0.1087
vn -0.0553 -0.9985 -0.0000
vn -0.2720 0.4615 -0.8444
vn 0.8009 -0.1033 0.5898
vn 0.2302 -0.0282 0.9727
vn 0.0039 -0.2952 -0.9554
vn 0.0054 -0.2952 0.9554
vn 0.0093 -0.3055 0.9521
vn 0.0294 -0.3238 0.9457
vn 0.9888 -0.1445 -0.0365
vn 0.0089 -0.4088 0.9126
vn 0.1287 0.2567 0.9579
vn 0.1269 0.2666 0.9554
vn 0.0968 0.7018 0.7058
vn 0.0968 0.7038 0.7038
vn 0.1126 0.7026 -0.7026
vn 0.1132 0.7005 -0.7046
vn 0.1491 0.2613 -0.9537
vn 0.1510 0.2558 -0.9548
vn 0.0085 -0.5047 -0.8632
vn 0.9999 0.0037 -0.0139
vn 1.0000 0.0027 0.0007
vn 1.0000 0.0036 -0.0036
vn 1.0000 0.0027 -0.0007
vn 1.0000 0.0036 0.0036
vn 0.0093 -0.2934 -0.9560
vn 0.0152 -0.3029 -0.9529
vn -0.0031 -0.3179 -0.9481
vn 0.0557 -0.2904 0.9553
vn 0.0094 -0.2791 0.9602
vn -0.0081 -0.3165 0.9486
vn 0.0082 -0.5562 0.8310
vn 0.1560 0.2557 0.9541
vn 0.1540 0.2613 0.9529
vn 0.1169 0.6996 0.7049
vn 0.1162 0.7023 0.7023
vn 0.1157 0.7024 -0.7024
vn 0.1167 0.6974 -0.7071
vn 0.1533 0.2613 -0.9530
vn 0.1554 0.2557 -0.9542
vn 0.0079 -0.5916 -0.8062
vn 1.0000 0.0016 0.0006
vn 0.9999 0.0042 -0.0156
vn 1.0000 0.0015 0.0004
vn 1.0000 0.0035 -0.0035
vn 1.0000 0.0025 -0.0007
vn 1.0000 0.0020 0.0020
vn 0.9983 -0.0554 0.0170
vn 0.9988 -0.0472 0.0089
vn 0.9890 -0.0163 -0.1469
vn 0.9854 -0.0953 -0.1411
vn 0.9689 0.0198 0.2465
vn 0.9593 -0.0084 0.2824
vn 0.9990 0.0437 -0.0069
vn 0.9989 -0.0474 -0.0033
vn -0.1407 0.9899 -0.0142
vn -0.7553 -0.6553 0.0089
vn 0.8681 0.4471 0.2155
vn -0.3592 0.9333 -0.0000
vn -0.0679 0.9976 -0.0113
vn -0.5273 0.0832 0.8456
vn -0.7375 -0.6717 -0.0695
vn -0.7255 -0.6861 -0.0549
vn -0.3946 -0.2817 0.8746
vn -0.3286 -0.2857 0.9002
vn -0.8337 -0.5028 0.2284
vn -0.9041 0.0927 0.4172
vn -0.3878 0.3897 -0.8353
vn -0.3519 0.9345 0.0527
vn -0.1502 -0.2857 -0.9465
vn -0.9159 0.0838 0.3926
vn -0.8711 0.1053 0.4796
vn -0.8395 0.3819 -0.3865
vn -0.8024 0.4235 0.4206
vn -0.8463 0.3907 -0.3622
vn -0.7992 0.4084 0.4411
vn -0.9043 0.0814 -0.4191
vn -0.9156 0.2996 -0.2681
vn -0.8561 0.3667 0.3642
vn -0.8784 0.1120 0.4646
vn -0.8560 0.3477 0.3825
vn -0.9095 0.0776 -0.4084
vn -0.8931 0.1541 0.4227
vn -0.8525 0.1694 0.4945
vn -0.8960 0.1913 -0.4008
vn -0.8461 0.3799 -0.3738
vn -0.8468 0.3740 -0.3783
vn 0.9946 0.0279 -0.1003
vn -0.4882 0.8727 -0.0021
vn 0.9946 -0.0182 -0.1026
vn 0.9988 -0.0332 0.0367
vn 0.9977 0.0685 -0.0015
vn 0.9981 0.0617 0.0031
vn 0.9972 0.0566 -0.0491
vn 1.0000 -0.0000 0.0076
vn 0.9952 -0.0017 -0.0982
vn 0.9977 0.0537 -0.0414
vn 0.9980 0.0494 -0.0406
vn 0.9262 -0.3748 -0.0417
vn 0.8559 0.4310 -0.2857
vn -0.9905 -0.1212 0.0652
vn 1.0000 -0.0001 0.0011
vn 1.0000 -0.0000 0.0009
vn -0.9998 -0.0151 0.0088
vn -0.9987 0.0512 -0.0035
vn -0.9997 -0.0221 -0.0129
vn -0.9987 0.0499 -0.0035
vn -0.9987 0.0499 0.0035
vn -0.9999 -0.0146 0.0085
vn -0.9754 0.0498 -0.2147
vn -0.9997 -0.0202 0.0118
vn -0.9999 -0.0134 -0.0078
vn -0.9997 -0.0223 0.0130
vn -0.9999 -0.0146 -0.0085
vn -0.9996 -0.0230 -0.0135
vn -0.0587 -0.9983 -0.0058
vn -0.2884 -0.9048 -0.3133
vn -0.0979 -0.9935 -0.0587
vn -0.2724 -0.9169 0.2916
vn -0.0792 0.8515 0.5184
vn -0.1905 0.8666 0.4613
vn -0.0832 0.8677 0.4901
vn -0.1346 0.8270 0.5459
vn -0.0606 0.8505 0.5224
vn -0.0049 1.0000 -0.0000
vn -0.0611 0.8538 0.5170
vn -0.0589 0.8592 0.5082
vn -0.0754 0.8582 0.5077
vt 0.687500 0.500000
vt 0.637927 0.500000
vt 0.687500 0.500000
vt 0.375000 0.500000
vt 0.375000 0.812500
vt 0.375000 0.875000
vt 0.501647 0.436183
vt 0.602555 0.436183
vt 0.000000 0.000000
vt 0.492870 0.750000
vt 0.610740 0.750000
vt 0.492870 0.750000
vt 0.750000 0.750000
vt 0.687500 0.750000
vt 0.724600 0.750000
vt 0.691281 0.750000
vt 0.375000 0.750000
vt 0.375000 0.773510
vt 0.750000 0.500000
vt 0.750000 0.641999
vt 0.687500 0.750000
vt 0.687500 0.641999
vt 0.637927 0.750000
vt 0.636830 0.750000
vt 0.610741 0.500000
vt 0.492871 0.641999
vt 0.492870 0.500000
vt 0.652017 0.750000
vt 0.685095 0.750000
vt 0.625000 0.812500
vt 0.611128 0.812500
vt 0.610885 0.773510
vt 0.625000 0.750000
vt 0.625000 0.641999
vt 0.433935 0.500000
vt 0.433935 0.500000
vt 0.433935 0.500000
vt 0.433935 0.500000
vt 0.600120 0.438652
vt 0.504060 0.438652
vt 0.493137 0.875000
vt 0.493064 0.812500
vt 1.000000 0.795929
vt 0.954447 0.799330
vt 0.375000 0.437500
vt 0.375000 0.375000
vt 0.625000 0.500000
vt 0.610741 0.641999
vt 0.610741 0.750000
vt 0.573065 0.705211
vt 0.625000 0.641999
vt 0.625000 0.875000
vt 0.636923 0.500000
vt 0.610739 0.500000
vt 0.625000 0.437500
vt 0.625000 0.487073
vt 0.624994 0.487079
vt 0.625000 0.375000
vt 0.611128 0.437500
vt 0.611274 0.375000
vt 0.625000 0.493402
vt 0.625000 0.754300
vt 0.637902 0.500000
vt 0.643172 0.500000
vt 0.740985 0.500000
vt 0.688452 0.500000
vt 0.634818 0.500000
vt 0.686512 0.500000
vt 0.737706 0.500000
vt 0.625164 0.750000
vt 0.637915 0.750000
vt 0.618960 0.492548
vt 0.610885 0.476490
vt 0.433971 0.773510
vt 0.433935 0.750000
vt 0.492942 0.476490
vt 0.492869 0.500000
vt 0.577759 0.802510
vt 0.526305 0.802507
vt 0.492942 0.773510
vt 0.434032 0.812500
vt 0.433971 0.476490
vt 0.531303 0.756626
vt 0.527531 0.773601
vt 0.492871 0.665299
vt 0.482897 0.662802
vt 0.482897 0.748269
vt 0.492870 0.745124
vt 0.434069 0.875000
vt 0.493064 0.437500
vt 0.434032 0.437500
vt 0.578913 0.500000
vt 0.433935 0.641999
vt 0.467918 0.750000
vt 0.493137 0.375000
vt 0.434069 0.375000
vt 0.499626 0.376317
vt 0.604786 0.376317
vt 0.505051 0.475338
vt 0.598786 0.475338
vt 0.572234 0.756777
vt 0.576288 0.774362
vt 0.433935 0.750000
vt 0.375000 0.641999
vt 0.375000 0.476490
vt 0.375000 0.656714
vt 0.433935 0.660320
vt 0.492869 0.500000
vt 0.487751 0.500000
vt 0.484432 0.500000
vt 0.315487 0.500000
vt 0.315480 0.500000
vt 0.312500 0.500000
vt 0.312500 0.750000
vt 0.312500 0.641999
vt 0.315494 0.661267
vt 0.250000 0.500000
vt 0.250000 0.750000
vt 0.250000 0.641999
vt 0.358110 0.750000
vt 0.351490 0.750000
vt 0.000000 0.795929
vt 0.009748 0.795201
vt 1.000000 0.500000
vt 0.954447 0.799330
vt 0.545553 0.796684
vt 0.552587 0.714367
vt 0.500000 0.795929
vt 0.462127 0.792791
vt 0.490252 0.795201
vt 0.500000 0.500000
vt 0.333333 0.500000
vt 0.333333 0.795127
vt 0.404018 0.795127
vt 0.250000 0.500000
vt 0.166667 0.500000
vt 0.250000 0.795127
vt 0.083333 0.500000
vt 0.083333 0.794732
vt 0.095984 0.795127
vt 0.037874 0.792791
vt 0.000000 0.500000
vt 0.870000 0.042154
vt 0.750000 0.010000
vt 0.851280 0.037138
vt 0.951765 0.766923
vt 0.500000 0.795929
vt 0.545553 0.799330
vt 0.564377 0.571948
vt 0.462850 0.792791
vt 0.333333 0.795127
vt 0.406226 0.795127
vt 0.083333 0.794923
vt 0.089624 0.795127
vt 0.035421 0.792791
vt 0.009748 0.795201
vt 0.844772 0.035394
vt 0.375000 0.655896
vt 0.375000 0.750000
vt 0.375000 0.500000
vt 0.545553 0.799330
vt 0.000000 0.795929
vt 0.375000 0.659284
vt 0.548890 0.680588
vt 0.548891 0.729835
vt 0.555589 0.500000
vt 0.552487 0.500000
vt 0.492870 0.500000
vt 0.634303 0.750000
vt 0.624994 0.762921
vt 0.625000 0.762927
vt 0.637915 0.500000
vt 0.430575 0.794138
vt 0.416667 0.500000
vt 0.166667 0.795127
vt 0.990000 0.250000
vt 0.957846 0.370000
vt 0.648720 0.462862
vt 0.947600 0.629472
vt 0.565814 0.500000
vt 0.565632 0.529760
vt 0.166667 0.795127
vt 0.673381 0.469470
vt 0.731048 0.750000
vt 0.652805 0.750000
vt 0.611274 0.875000
vt 0.329731 0.500000
vt 0.351490 0.500000
vt 0.341184 0.500000
vt 0.368526 0.500000
vt 0.321368 0.500000
vt 0.315494 0.748623
vt 0.374477 0.750000
vt 0.929667 0.500000
vt 0.570333 0.500000
vt 0.416667 0.794732
vt 0.750000 0.490000
vt 0.630000 0.457846
vt 0.957846 0.130000
vt 0.946793 0.500000
vt 0.416667 0.794781
s 0
usemtl Material.001
f 46/1/1 37/2/1 41/3/1
f 87/7/4 96/8/4 40/8/4
f 4/9/4 6/9/4 122/9/4
f 82/10/5 109/11/5 110/12/5
f 11/15/7 468/16/7 464/16/7
f 461/14/11 31/23/11 462/24/11
f 30/25/5 81/26/5 83/27/5
f 26/28/7 467/29/7 13/29/7
f 39/30/12 111/31/12 108/32/12
f 24/22/13 463/33/13 60/34/13
f 150/4/14 125/35/14 152/36/14
f 120/37/15 149/4/15 151/38/15
f 92/39/16 107/40/16 95/40/16
f 111/31/18 85/41/18 112/42/18
f 186/43/19 206/44/19 202/43/19
f 58/47/21 24/22/21 60/34/21
f 42/48/5 27/49/5 156/50/5
f 4/9/4 137/9/4 6/9/4
f 66/51/24 27/49/24 42/48/24
f 61/53/26 30/25/26 78/54/26
f 41/55/27 37/56/27 80/57/27
f 31/23/28 109/11/28 462/24/28
f 61/61/30 42/48/30 30/25/30
f 66/51/31 463/33/31 462/62/31
f 9/63/32 57/64/32 50/63/32
f 9/63/33 43/1/33 58/47/33
f 29/64/36 58/47/36 61/67/36
f 29/64/37 46/1/37 12/68/37
f 9/63/40 49/66/40 18/66/40
f 29/64/41 55/68/41 57/64/41
f 18/66/42 52/69/42 8/69/42
f 64/9/43 70/9/43 65/9/43
f 63/9/44 58/9/44 60/9/44
f 64/9/45 66/9/45 61/9/45
f 63/9/46 66/9/46 65/9/46
f 64/9/47 58/9/47 62/9/47
f 63/9/49 70/9/49 68/9/49
f 63/9/50 67/9/50 62/9/50
f 62/9/51 69/9/51 64/9/51
f 108/70/52 109/11/52 77/71/52
f 78/72/53 101/73/53 80/57/53
f 124/74/54 71/17/54 128/75/54
f 100/76/55 78/54/55 91/77/55
f 38/78/56 119/79/56 118/78/56
f 113/80/57 121/81/57 124/74/57
f 129/82/58 91/77/58 125/35/58
f 89/83/59 115/84/59 88/84/59
f 81/26/60 160/85/60 161/86/60
f 82/10/60 163/87/60 158/88/60
f 112/42/61 122/89/61 121/81/61
f 103/90/62 129/82/62 123/91/62
f 78/54/5 30/25/5 168/92/5
f 120/37/60 81/26/60 126/93/60
f 128/75/60 162/94/60 110/12/60
f 94/95/63 123/91/63 127/96/63
f 40/8/64 93/60/64 102/59/64
f 40/8/64 103/90/64 87/7/64
f 87/7/65 94/95/65 86/97/65
f 40/8/67 97/98/67 36/98/67
f 87/7/68 98/97/68 99/7/68
f 90/99/69 101/73/69 100/76/69
f 79/100/69 102/59/69 101/73/69
f 92/39/69 103/90/69 102/59/69
f 90/99/69 103/90/69 95/40/69
f 90/99/70 105/100/70 79/100/70
f 95/40/71 104/99/71 90/99/71
f 92/39/72 105/100/72 106/39/72
f 76/101/73 108/32/73 75/102/73
f 89/83/74 109/11/74 76/101/74
f 38/78/75 108/32/75 111/31/75
f 38/78/76 112/42/76 84/79/76
f 84/79/77 113/80/77 88/84/77
f 89/83/78 113/80/78 110/12/78
f 89/83/81 116/101/81 117/83/81
f 84/79/82 115/84/82 119/79/82
f 38/78/83 114/102/83 75/102/83
f 76/101/84 114/102/84 116/101/84
f 127/96/85 17/45/85 7/46/85
f 128/75/86 153/17/86 170/103/86
f 120/37/86 21/104/86 2/4/86
f 123/91/87 73/105/87 17/45/87
f 15/5/88 122/89/88 6/6/88
f 146/106/86 126/93/86 164/107/86
f 129/82/89 74/4/89 73/105/89
f 72/18/90 121/81/90 15/5/90
f 124/74/91 110/12/91 113/80/91
f 91/77/92 166/108/92 172/109/92
f 171/110/93 83/27/93 151/38/93
f 179/111/94 177/112/94 133/113/94
f 132/114/95 141/115/95 182/116/95
f 134/117/96 138/113/96 133/113/96
f 136/118/97 140/114/97 137/118/97
f 141/115/98 136/118/98 135/119/98
f 133/113/98 135/119/98 134/117/98
f 133/113/95 130/104/95 141/115/95
f 132/114/99 183/120/99 142/121/99
f 148/122/100 189/123/100 146/123/100
f 1/124/103 147/125/103 148/43/103
f 184/126/104 183/127/104 154/128/104
f 170/129/105 153/130/105 14/131/105
f 19/132/106 159/133/106 158/134/106
f 22/135/107 159/133/107 19/132/107
f 25/136/108 156/137/108 22/135/108
f 28/138/109 161/139/109 160/140/109
f 164/141/110 1/142/110 146/123/110
f 16/143/5 14/144/5 181/145/5
f 174/146/103 176/44/103 186/43/103
f 185/147/104 175/148/104 173/149/104
f 151/150/105 149/130/105 45/131/105
f 51/132/106 167/151/106 165/152/106
f 54/135/107 167/151/107 51/132/107
f 56/136/108 168/137/108 54/135/108
f 59/138/109 172/153/109 166/154/109
f 152/155/110 32/142/110 150/156/110
f 48/143/5 45/144/5 177/157/5
f 155/17/114 204/17/114 143/17/114
f 150/4/115 196/4/115 74/4/115
f 131/4/116 188/104/116 130/104/116
f 175/4/116 195/4/116 131/4/116
f 176/4/118 197/4/118 206/4/118
f 185/147/119 192/130/119 193/147/119
f 155/161/120 191/128/120 201/161/120
f 175/148/120 193/147/120 205/148/120
f 154/128/119 190/130/119 191/128/119
f 186/162/100 200/156/100 150/156/100
f 130/104/116 198/163/116 147/163/116
f 147/125/122 199/43/122 148/43/122
f 171/110/105 210/38/105 151/38/105
f 162/94/105 227/103/105 170/103/105
f 160/85/109 214/164/109 157/164/109
f 159/165/106 215/88/106 158/88/106
f 169/166/108 225/92/108 168/92/108
f 166/108/109 229/109/109 223/108/109
f 158/88/106 220/87/106 163/87/106
f 161/86/110 221/107/110 218/86/110
f 150/4/110 211/36/110 152/36/110
f 167/167/106 222/168/106 165/168/106
f 163/87/105 219/94/105 162/94/105
f 165/168/106 228/110/106 171/110/106
f 172/109/110 211/36/110 229/109/110
f 149/4/105 210/38/105 208/4/105
f 157/164/108 213/50/108 156/50/108
f 153/17/105 227/103/105 212/17/105
f 156/50/107 216/165/107 159/165/107
f 146/106/110 221/107/110 164/107/110
f 160/85/109 218/86/109 217/85/109
f 168/92/107 224/167/107 167/167/107
f 166/108/109 226/166/109 169/166/109
f 275/1/123 266/2/123 290/53/123
f 378/4/124 423/4/124 231/4/124
f 244/5/125 366/6/125 235/6/125
f 269/8/126 328/7/126 316/7/126
f 314/9/127 351/9/127 233/9/127
f 339/12/128 256/49/128 311/10/128
f 242/14/130 239/33/130 255/169/130
f 260/23/134 242/14/134 255/24/134
f 310/26/135 259/25/135 312/27/135
f 234/13/136 249/21/136 242/14/136
f 306/170/137 340/31/137 260/171/137
f 239/33/138 253/22/138 289/34/138
f 381/36/139 303/4/139 379/4/139
f 380/38/140 231/4/140 349/37/140
f 336/40/141 321/39/141 324/40/141
f 382/17/142 432/17/142 300/17/142
f 314/41/143 340/31/143 341/42/143
f 431/43/144 405/44/144 415/43/144
f 287/47/146 253/22/146 272/1/146
f 387/88/147 311/10/147 256/49/147
f 366/9/150 233/9/150 235/9/150
f 295/51/151 256/49/151 255/62/151
f 266/2/153 309/172/153 259/25/153
f 309/57/154 266/56/154 270/55/154
f 306/71/155 260/23/155 256/49/155
f 290/61/157 271/48/157 295/51/157
f 239/33/158 295/51/158 255/62/158
f 238/63/159 286/64/159 258/64/159
f 238/63/160 272/1/160 247/66/160
f 258/64/163 287/47/163 238/63/163
f 275/1/164 258/64/164 241/68/164
f 278/66/167 238/63/167 247/66/167
f 258/64/168 284/68/168 241/68/168
f 281/69/169 247/66/169 237/69/169
f 299/9/170 293/9/170 294/9/170
f 292/9/171 287/9/171 291/9/171
f 293/9/172 295/9/172 294/9/172
f 294/9/173 289/9/173 292/9/173
f 287/9/174 293/9/174 291/9/174
f 292/9/176 299/9/176 294/9/176
f 296/9/177 292/9/177 291/9/177
f 298/9/178 291/9/178 293/9/178
f 337/70/179 306/71/179 338/11/179
f 307/72/180 309/57/180 330/73/180
f 353/74/181 300/17/181 301/18/181
f 329/76/182 307/54/182 330/73/182
f 267/78/183 348/79/183 313/79/183
f 350/81/184 342/80/184 353/74/184
f 358/82/185 320/77/185 329/76/185
f 344/84/186 318/83/186 317/84/186
f 390/86/187 310/26/187 355/93/187
f 311/10/188 392/87/188 391/94/188
f 351/89/189 341/42/189 350/81/189
f 358/82/190 332/90/190 352/91/190
f 397/92/191 259/25/191 307/54/191
f 349/37/192 310/26/192 312/27/192
f 339/12/193 311/10/193 391/94/193
f 352/91/194 323/95/194 356/96/194
f 269/8/195 322/60/195 265/98/195
f 316/7/196 331/59/196 269/8/196
f 323/95/197 316/7/197 315/97/197
f 326/98/199 269/8/199 265/98/199
f 316/7/200 327/97/200 315/97/200
f 319/99/201 330/73/201 308/100/201
f 330/73/202 321/39/202 308/100/202
f 331/59/203 324/40/203 321/39/203
f 324/40/204 329/76/204 319/99/204
f 334/100/206 319/99/206 308/100/206
f 333/99/207 324/40/207 319/99/207
f 321/39/208 334/100/208 308/100/208
f 337/32/209 305/101/209 304/102/209
f 338/11/210 318/83/210 305/101/210
f 267/78/211 337/32/211 304/102/211
f 341/42/212 267/78/212 313/79/212
f 342/80/213 313/79/213 317/84/213
f 318/83/214 342/80/214 317/84/214
f 318/83/217 345/101/217 305/101/217
f 313/79/218 344/84/218 317/84/218
f 343/102/219 267/78/219 304/102/219
f 305/101/220 343/102/220 304/102/220
f 246/45/221 356/96/221 236/46/221
f 357/75/222 382/17/222 300/17/222
f 250/104/223 349/37/223 231/4/223
f 302/105/224 352/91/224 246/45/224
f 244/5/225 351/89/225 350/81/225
f 393/107/226 250/104/226 375/106/226
f 303/4/227 358/82/227 302/105/227
f 301/18/228 350/81/228 353/74/228
f 339/12/229 353/74/229 342/80/229
f 401/109/230 320/77/230 354/35/230
f 312/27/231 394/168/231 400/110/231
f 408/111/232 367/113/232 362/113/232
f 411/116/233 370/115/233 361/114/233
f 367/113/234 363/117/234 362/113/234
f 365/118/235 369/114/235 361/114/235
f 365/118/236 370/115/236 364/119/236
f 363/117/7 370/115/7 362/113/7
f 362/113/237 359/104/237 360/4/237
f 412/120/238 361/114/238 371/121/238
f 231/4/239 416/104/239 250/104/239
f 418/123/240 377/122/240 375/123/240
f 376/125/243 230/124/243 377/43/243
f 412/127/244 413/126/244 383/128/244
f 391/173/245 245/174/245 399/129/245
f 387/134/246 388/133/246 248/132/246
f 248/132/247 385/137/247 251/135/247
f 385/137/248 254/136/248 251/135/248
f 386/175/249 389/140/249 257/138/249
f 230/142/250 257/138/250 393/141/250
f 251/176/251 254/177/251 411/178/251
f 403/146/252 407/179/252 415/43/252
f 274/131/253 406/180/253 409/181/253
f 274/131/254 414/147/254 380/150/254
f 394/152/255 396/151/255 277/174/255
f 280/132/256 397/137/256 283/135/256
f 397/137/257 285/136/257 283/135/257
f 398/182/258 395/154/258 288/138/258
f 261/142/259 288/138/259 381/155/259
f 283/176/260 285/177/260 408/183/260
f 433/17/266 384/17/266 372/17/266
f 416/104/267 375/106/267 250/104/267
f 425/4/268 379/4/268 303/4/268
f 417/104/269 360/4/269 359/104/269
f 424/4/270 404/4/270 360/4/270
f 405/4/272 426/4/272 373/4/272
f 414/147/273 421/130/273 378/130/273
f 384/161/274 420/128/274 383/128/274
f 404/148/275 422/147/275 414/147/275
f 383/128/276 419/130/276 382/130/276
f 429/156/278 415/162/278 379/156/278
f 376/163/279 417/104/279 359/104/279
f 428/43/280 376/125/280 377/43/280
f 127/96/302 236/46/302 356/96/302
f 94/95/4 315/97/4 86/97/4
f 98/97/4 315/97/4 327/97/4
f 127/96/303 323/95/303 94/95/303
f 135/119/4 363/117/4 134/117/4
f 97/98/304 265/98/304 36/98/304
f 135/119/308 365/118/308 364/119/308
f 4/9/311 234/9/311 233/9/311
f 52/69/313 237/69/313 8/69/313
f 93/60/315 265/98/315 322/60/315
f 4/9/316 365/9/316 136/9/316
f 134/117/318 368/117/318 139/117/318
f 150/4/332 438/4/332 209/4/332
f 149/4/333 437/4/333 378/4/333
f 153/17/334 441/17/334 382/17/334
f 146/106/332 436/106/332 207/106/332
f 26/28/337 461/14/337 462/169/337
f 10/185/338 20/21/338 464/16/338
f 26/28/339 463/33/339 10/185/339
f 467/29/342 475/184/342 469/184/342
f 472/185/343 474/16/343 478/185/343
f 468/16/344 476/15/344 474/16/344
f 464/16/7 472/185/7 10/185/7
f 13/29/7 469/184/7 5/184/7
f 469/184/345 479/13/345 465/9/345
f 10/185/7 471/28/7 26/28/7
f 472/185/348 477/28/348 471/28/348
f 471/28/349 473/29/349 467/29/349
f 515/1/350 507/2/350 527/53/350
f 558/8/5 551/7/5 510/8/5
f 548/10/4 569/11/4 501/49/4
f 910/16/7 486/15/7 908/16/7
f 505/23/357 905/14/357 906/24/357
f 547/26/4 504/25/4 549/27/4
f 909/29/7 500/28/7 488/29/7
f 568/32/358 509/30/358 505/171/358
f 907/33/359 498/22/359 526/34/359
f 603/4/360 584/35/360 540/4/360
f 580/37/361 602/4/361 482/4/361
f 567/40/362 556/39/362 557/40/362
f 85/41/364 571/31/364 572/42/364
f 639/43/365 659/44/365 629/44/365
f 524/47/367 498/22/367 513/1/367
f 609/50/4 501/49/4 512/48/4
f 532/51/370 501/49/370 906/62/370
f 544/54/372 504/25/372 527/53/372
f 561/73/373 546/57/373 507/56/373
f 906/24/374 569/11/374 505/23/374
f 527/61/376 512/48/376 532/51/376
f 907/33/377 532/51/377 906/62/377
f 484/63/378 523/64/378 503/64/378
f 484/63/379 513/1/379 493/66/379
f 503/64/382 524/47/382 484/63/382
f 515/1/383 503/64/383 487/68/383
f 517/66/386 484/63/386 493/66/386
f 503/64/387 521/68/387 487/68/387
f 52/69/388 493/66/388 8/69/388
f 536/9/43 530/9/43 531/9/43
f 529/9/389 524/9/389 528/9/389
f 530/9/390 532/9/390 531/9/390
f 532/9/391 529/9/391 531/9/391
f 524/9/392 530/9/392 528/9/392
f 529/9/49 536/9/49 531/9/49
f 533/9/50 529/9/50 528/9/50
f 535/9/51 528/9/51 530/9/51
f 568/70/394 543/71/394 569/11/394
f 544/72/395 546/57/395 561/73/395
f 583/74/396 537/17/396 538/18/396
f 560/76/397 544/54/397 561/73/397
f 508/78/398 579/79/398 550/79/398
f 581/81/399 573/80/399 583/74/399
f 587/82/400 555/77/400 560/76/400
f 575/84/401 553/83/401 552/84/401
f 614/86/402 613/85/402 547/26/402
f 548/10/402 616/87/402 615/94/402
f 122/89/403 572/42/403 581/81/403
f 587/82/404 563/90/404 582/91/404
f 621/92/4 504/25/4 544/54/4
f 580/37/402 547/26/402 549/27/402
f 570/12/402 615/94/402 586/75/402
f 582/91/405 94/95/405 127/96/405
f 510/8/406 93/60/406 36/98/406
f 563/90/407 510/8/407 551/7/407
f 94/95/408 551/7/408 86/97/408
f 97/98/410 510/8/410 36/98/410
f 551/7/411 98/97/411 86/97/411
f 554/99/412 561/73/412 545/100/412
f 545/100/412 562/59/412 556/39/412
f 556/39/412 563/90/412 557/40/412
f 563/90/412 554/99/412 557/40/412
f 565/100/413 554/99/413 545/100/413
f 564/99/414 557/40/414 554/99/414
f 556/39/415 565/100/415 545/100/415
f 568/32/416 542/101/416 541/102/416
f 569/11/417 553/83/417 542/101/417
f 508/78/418 568/32/418 541/102/418
f 572/42/419 508/78/419 550/79/419
f 573/80/420 550/79/420 552/84/420
f 553/83/421 573/80/421 552/84/421
f 553/83/424 576/101/424 542/101/424
f 550/79/425 575/84/425 552/84/425
f 574/102/426 508/78/426 541/102/426
f 542/101/427 574/102/427 541/102/427
f 492/45/428 127/96/428 7/46/428
f 586/75/361 606/17/361 537/17/361
f 496/104/361 580/37/361 482/4/361
f 539/105/429 582/91/429 492/45/429
f 490/5/430 122/89/430 581/81/430
f 599/106/361 585/93/361 496/104/361
f 540/4/431 587/82/431 539/105/431
f 538/18/432 581/81/432 583/74/432
f 570/12/433 583/74/433 573/80/433
f 625/109/434 555/77/434 584/35/434
f 549/27/434 618/168/434 624/110/434
f 632/111/435 592/113/435 591/113/435
f 635/116/436 594/115/436 590/114/436
f 592/113/96 134/117/96 591/113/96
f 136/118/437 593/114/437 590/114/437
f 136/118/98 594/115/98 135/119/98
f 135/119/98 591/113/98 134/117/98
f 591/113/436 588/104/436 589/4/436
f 590/114/438 593/114/438 595/121/438
f 642/123/439 601/122/439 599/123/439
f 600/125/103 481/124/103 601/43/103
f 637/126/104 608/161/104 607/128/104
f 491/174/105 489/131/105 623/129/105
f 611/134/106 612/133/106 494/132/106
f 612/133/107 497/135/107 494/132/107
f 609/137/108 499/136/108 497/135/108
f 613/140/109 614/139/109 502/138/109
f 481/142/110 502/138/110 617/141/110
f 497/176/4 499/177/4 635/178/4
f 627/146/103 631/179/103 639/43/103
f 638/147/104 514/131/104 626/149/104
f 604/150/105 516/174/105 514/131/105
f 618/152/106 620/151/106 519/132/106
f 620/151/107 520/135/107 519/132/107
f 621/137/108 522/136/108 520/135/108
f 619/154/109 625/153/109 525/138/109
f 506/142/110 525/138/110 605/155/110
f 520/176/4 522/177/4 632/183/4
f 657/17/445 608/17/445 596/17/445
f 649/4/363 603/4/363 540/4/363
f 641/104/446 589/4/446 588/104/446
f 648/4/446 628/4/446 589/4/446
f 629/4/445 650/4/445 597/4/445
f 638/147/448 645/130/448 602/130/448
f 608/161/449 644/128/449 607/128/449
f 628/148/449 646/147/449 638/147/449
f 607/128/448 643/130/448 606/130/448
f 653/156/439 639/162/439 603/156/439
f 651/163/446 588/104/446 600/163/446
f 652/43/451 600/125/451 601/43/451
f 663/38/105 624/110/105 604/38/105
f 680/103/105 615/94/105 623/103/105
f 667/164/109 613/85/109 610/164/109
f 668/88/106 612/165/106 611/88/106
f 678/92/108 622/166/108 621/92/108
f 619/108/109 682/109/109 625/109/109
f 673/87/106 611/88/106 616/87/106
f 614/86/110 674/107/110 617/107/110
f 664/36/110 603/4/110 605/36/110
f 675/168/106 620/167/106 618/168/106
f 672/94/105 616/87/105 615/94/105
f 681/110/106 618/168/106 624/110/106
f 625/109/110 664/36/110 605/36/110
f 602/4/105 663/38/105 604/38/105
f 666/50/108 610/164/108 609/50/108
f 606/17/105 680/103/105 623/103/105
f 669/165/107 609/50/107 612/165/107
f 674/107/110 599/106/110 617/107/110
f 613/85/109 671/86/109 614/86/109
f 677/167/107 621/92/107 620/167/107
f 679/166/109 619/108/109 622/166/109
f 726/1/452 717/2/452 721/3/452
f 824/4/453 869/4/453 867/4/453
f 696/5/454 812/6/454 815/5/454
f 720/8/455 776/7/455 775/8/455
f 686/9/456 688/9/456 799/9/456
f 707/49/457 787/12/457 762/10/457
f 694/14/459 692/33/459 701/21/459
f 694/14/463 711/23/463 706/24/463
f 710/25/464 761/26/464 763/27/464
f 687/13/465 701/21/465 240/13/465
f 757/170/466 711/171/466 788/31/466
f 704/22/467 692/33/467 740/34/467
f 754/4/468 827/36/468 825/4/468
f 684/4/469 826/38/469 797/37/469
f 771/39/470 784/40/470 774/40/470
f 828/17/471 878/17/471 865/17/471
f 788/31/472 765/41/472 789/42/472
f 851/44/473 877/43/473 861/43/473
f 738/47/475 704/22/475 740/34/475
f 707/49/476 762/10/476 833/88/476
f 686/9/479 812/9/479 688/9/479
f 746/51/480 707/49/480 722/48/480
f 717/2/482 710/25/482 760/172/482
f 717/56/483 760/57/483 778/73/483
f 707/49/484 711/23/484 757/71/484
f 741/61/486 722/48/486 710/25/486
f 746/51/487 692/33/487 706/62/487
f 691/63/488 737/64/488 730/63/488
f 691/63/489 723/1/489 738/47/489
f 709/64/492 738/47/492 741/67/492
f 709/64/493 726/1/493 693/68/493
f 691/63/496 729/66/496 699/66/496
f 709/64/497 735/68/497 737/64/497
f 699/66/498 732/69/498 690/69/498
f 744/9/499 750/9/499 745/9/499
f 743/9/500 738/9/500 740/9/500
f 744/9/501 746/9/501 741/9/501
f 745/9/502 740/9/502 746/9/502
f 744/9/503 738/9/503 742/9/503
f 743/9/505 750/9/505 748/9/505
f 743/9/506 747/9/506 742/9/506
f 742/9/507 749/9/507 744/9/507
f 785/70/508 786/11/508 757/71/508
f 758/72/509 778/73/509 760/57/509
f 801/74/510 751/17/510 805/75/510
f 777/76/511 758/54/511 770/77/511
f 718/78/512 796/79/512 795/78/512
f 790/80/513 798/81/513 801/74/513
f 806/82/514 770/77/514 802/35/514
f 768/83/515 792/84/515 767/84/515
f 803/93/516 761/26/516 836/86/516
f 762/10/517 838/87/517 833/88/517
f 789/42/518 799/89/518 798/81/518
f 780/90/519 806/82/519 800/91/519
f 758/54/520 710/25/520 843/92/520
f 797/37/521 761/26/521 803/93/521
f 805/75/522 845/103/522 837/94/522
f 773/95/523 800/91/523 804/96/523
f 720/8/524 772/60/524 779/59/524
f 766/7/525 779/59/525 780/90/525
f 766/7/526 773/95/526 315/97/526
f 720/8/528 326/98/528 716/98/528
f 766/7/529 327/97/529 776/7/529
f 769/99/530 778/73/530 777/76/530
f 771/39/531 778/73/531 759/100/531
f 774/40/532 779/59/532 771/39/532
f 774/40/533 777/76/533 780/90/533
f 769/99/535 782/100/535 759/100/535
f 774/40/536 781/99/536 769/99/536
f 771/39/537 782/100/537 783/39/537
f 756/101/538 785/32/538 755/102/538
f 768/83/539 786/11/539 756/101/539
f 718/78/540 785/32/540 788/31/540
f 718/78/541 789/42/541 764/79/541
f 764/79/542 790/80/542 767/84/542
f 768/83/543 790/80/543 787/12/543
f 768/83/546 793/101/546 794/83/546
f 764/79/547 792/84/547 796/79/547
f 718/78/548 791/102/548 755/102/548
f 756/101/549 791/102/549 793/101/549
f 804/96/550 698/45/550 689/46/550
f 805/75/551 828/17/551 845/103/551
f 797/37/552 702/104/552 684/4/552
f 800/91/553 753/105/553 698/45/553
f 696/5/554 799/89/554 688/6/554
f 702/104/555 839/107/555 821/106/555
f 806/82/556 754/4/556 753/105/556
f 752/18/557 798/81/557 696/5/557
f 801/74/558 787/12/558 790/80/558
f 802/35/559 770/77/559 847/109/559
f 846/110/560 763/27/560 826/38/560
f 854/111/561 852/112/561 810/113/561
f 809/114/562 816/115/562 857/116/562
f 363/117/234 813/113/234 810/113/234
f 811/118/563 815/114/563 812/118/563
f 816/115/564 811/118/564 364/119/564
f 363/117/565 816/115/565 364/119/565
f 810/113/566 807/104/566 816/115/566
f 817/121/567 809/114/567 858/120/567
f 684/4/568 862/104/568 869/4/568
f 823/122/569 864/123/569 821/123/569
f 683/124/572 822/125/572 823/43/572
f 829/128/573 859/126/573 858/127/573
f 697/174/574 837/173/574 845/129/574
f 700/132/575 834/133/575 833/134/575
f 700/132/576 831/137/576 834/133/576
f 705/136/577 831/137/577 703/135/577
f 708/138/578 835/140/578 832/175/578
f 823/122/579 821/123/579 839/141/579
f 697/143/580 695/144/580 856/145/580
f 849/146/581 851/44/581 861/43/581
f 848/149/582 855/181/582 725/131/582
f 826/150/583 824/130/583 860/147/583
f 840/152/584 728/174/584 842/151/584
f 731/132/585 843/137/585 842/151/585
f 736/136/586 843/137/586 734/135/586
f 739/138/587 841/154/587 844/182/587
f 861/162/588 825/156/588 827/155/588
f 728/143/589 725/144/589 852/157/589
f 830/17/595 879/17/595 818/17/595
f 821/106/596 862/104/596 702/104/596
f 825/4/597 871/4/597 754/4/597
f 808/4/598 863/104/598 807/104/598
f 850/4/599 870/4/599 808/4/599
f 851/4/601 872/4/601 881/4/601
f 860/147/602 867/130/602 868/147/602
f 830/161/603 866/128/603 876/161/603
f 850/148/604 868/147/604 880/148/604
f 829/128/605 865/130/605 866/128/605
f 861/162/607 875/156/607 825/156/607
f 822/163/608 863/104/608 873/163/608
f 822/125/609 874/43/609 823/43/609
f 127/96/631 689/46/631 7/46/631
f 773/95/632 127/96/632 94/95/632
f 716/98/633 97/98/633 36/98/633
f 135/119/637 811/118/637 136/118/637
f 4/9/640 687/9/640 459/9/640
f 690/69/642 52/69/642 8/69/642
f 93/60/644 716/98/644 36/98/644
f 811/9/645 4/9/645 136/9/645
f 814/117/647 134/117/647 139/117/647
f 884/4/332 603/4/332 662/4/332
f 602/4/661 883/4/661 661/4/661
f 606/17/661 887/17/661 665/17/661
f 882/106/332 599/106/332 660/106/332
f 500/28/664 905/14/664 488/29/664
f 495/21/665 485/185/665 908/16/665
f 907/33/666 500/28/666 485/185/666
f 917/184/669 909/29/669 911/184/669
f 914/185/670 916/16/670 910/16/670
f 910/16/671 918/15/671 912/15/671
f 914/185/7 908/16/7 485/185/7
f 911/184/7 488/29/7 483/184/7
f 479/13/672 911/184/672 465/9/672
f 913/28/7 485/185/7 500/28/7
f 919/28/675 914/185/675 913/28/675
f 915/29/676 913/28/676 909/29/676
f 46/1/677 61/53/677 37/2/677
f 87/7/4 99/7/4 96/8/4
f 122/9/4 85/9/4 4/9/4
f 85/9/4 33/9/4 459/9/4
f 33/9/4 34/9/4 459/9/4
f 459/9/4 4/9/4 85/9/4
f 82/10/5 27/49/5 109/11/5
f 11/15/7 470/15/7 468/16/7
f 461/14/682 39/14/682 31/23/682
f 30/25/5 42/48/5 81/26/5
f 26/28/7 471/28/7 467/29/7
f 108/32/683 77/170/683 31/171/683
f 31/171/684 39/30/684 108/32/684
f 24/22/685 20/21/685 463/33/685
f 150/4/686 74/4/686 125/35/686
f 120/37/86 2/4/86 149/4/86
f 92/39/16 106/39/16 107/40/16
f 111/31/687 33/186/687 85/41/687
f 186/43/688 176/44/688 206/44/688
f 58/47/690 43/1/690 24/22/690
f 157/164/5 160/85/5 42/48/5
f 160/85/5 81/26/5 42/48/5
f 27/49/5 82/10/5 158/88/5
f 27/49/5 158/88/5 159/165/5
f 27/49/5 159/165/5 156/50/5
f 156/50/5 157/164/5 42/48/5
f 4/9/4 136/9/4 137/9/4
f 66/51/693 462/62/693 27/49/693
f 80/172/695 37/2/695 78/54/695
f 37/2/696 61/53/696 78/54/696
f 101/73/697 102/59/697 80/57/697
f 102/59/698 41/55/698 80/57/698
f 77/71/699 109/11/699 31/23/699
f 109/11/700 27/49/700 462/24/700
f 61/61/702 66/51/702 42/48/702
f 66/51/703 60/34/703 463/33/703
f 9/63/32 29/64/32 57/64/32
f 9/63/704 18/66/704 43/1/704
f 29/64/707 9/63/707 58/47/707
f 29/64/708 61/67/708 46/1/708
f 9/63/40 50/63/40 49/66/40
f 29/64/41 12/68/41 55/68/41
f 18/66/42 49/66/42 52/69/42
f 64/9/43 69/9/43 70/9/43
f 63/9/712 62/9/712 58/9/712
f 64/9/713 65/9/713 66/9/713
f 63/9/714 60/9/714 66/9/714
f 64/9/715 61/9/715 58/9/715
f 63/9/49 65/9/49 70/9/49
f 63/9/50 68/9/50 67/9/50
f 62/9/51 67/9/51 69/9/51
f 124/74/717 72/18/717 71/17/717
f 100/76/55 101/73/55 78/54/55
f 38/78/56 84/79/56 119/79/56
f 113/80/718 112/42/718 121/81/718
f 129/82/719 100/76/719 91/77/719
f 89/83/59 117/83/59 115/84/59
f 161/86/60 164/107/60 81/26/60
f 164/107/60 126/93/60 81/26/60
f 82/10/60 162/94/60 163/87/60
f 112/42/720 85/41/720 122/89/720
f 103/90/721 100/76/721 129/82/721
f 169/166/5 166/108/5 78/54/5
f 166/108/5 91/77/5 78/54/5
f 30/25/5 83/27/5 165/168/5
f 30/25/5 165/168/5 167/167/5
f 30/25/5 167/167/5 168/92/5
f 168/92/5 169/166/5 78/54/5
f 120/37/60 83/27/60 81/26/60
f 170/103/60 162/94/60 128/75/60
f 162/94/60 82/10/60 110/12/60
f 94/95/722 103/90/722 123/91/722
f 40/8/723 36/98/723 93/60/723
f 40/8/64 102/59/64 103/90/64
f 87/7/64 103/90/64 94/95/64
f 40/8/67 96/8/67 97/98/67
f 87/7/68 86/97/68 98/97/68
f 90/99/69 79/100/69 101/73/69
f 79/100/69 92/39/69 102/59/69
f 92/39/69 95/40/69 103/90/69
f 90/99/69 100/76/69 103/90/69
f 90/99/70 104/99/70 105/100/70
f 95/40/71 107/40/71 104/99/71
f 92/39/72 79/100/72 105/100/72
f 76/101/724 109/11/724 108/32/724
f 89/83/725 110/12/725 109/11/725
f 38/78/726 75/102/726 108/32/726
f 38/78/727 111/31/727 112/42/727
f 84/79/728 112/42/728 113/80/728
f 89/83/729 88/84/729 113/80/729
f 89/83/81 76/101/81 116/101/81
f 84/79/82 88/84/82 115/84/82
f 38/78/83 118/78/83 114/102/83
f 76/101/84 75/102/84 114/102/84
f 127/96/732 123/91/732 17/45/732
f 128/75/86 71/17/86 153/17/86
f 120/37/86 126/93/86 21/104/86
f 123/91/733 129/82/733 73/105/733
f 15/5/734 121/81/734 122/89/734
f 146/106/86 21/104/86 126/93/86
f 129/82/735 125/35/735 74/4/735
f 72/18/736 124/74/736 121/81/736
f 124/74/737 128/75/737 110/12/737
f 172/109/738 152/36/738 125/35/738
f 125/35/92 91/77/92 172/109/92
f 171/110/92 165/168/92 83/27/92
f 83/27/739 120/37/739 151/38/739
f 175/4/95 131/4/95 173/187/95
f 131/4/95 133/113/95 173/187/95
f 138/113/94 145/188/94 179/111/94
f 145/188/740 144/4/740 178/189/740
f 179/111/94 145/188/94 178/189/94
f 144/4/95 176/4/95 174/190/95
f 174/190/740 178/189/740 144/4/740
f 177/112/94 180/191/94 133/113/94
f 180/191/740 173/187/740 133/113/740
f 138/113/94 179/111/94 133/113/94
f 181/192/95 183/120/95 132/114/95
f 141/115/95 130/104/95 182/116/95
f 130/104/95 147/163/95 182/116/95
f 182/116/95 181/192/95 132/114/95
f 134/117/741 139/117/741 138/113/741
f 136/118/437 132/114/437 140/114/437
f 141/115/98 132/114/98 136/118/98
f 133/113/98 141/115/98 135/119/98
f 133/113/95 131/4/95 130/104/95
f 155/17/98 143/17/98 184/193/98
f 143/17/742 142/121/742 183/120/742
f 184/193/743 143/17/743 183/120/743
f 142/121/744 140/114/744 132/114/744
f 148/122/100 199/122/100 189/123/100
f 1/124/103 182/194/103 147/125/103
f 181/195/104 14/131/104 183/127/104
f 14/131/104 154/128/104 183/127/104
f 154/128/104 155/161/104 184/126/104
f 153/130/105 154/128/105 14/131/105
f 14/131/105 16/174/105 170/129/105
f 16/174/105 163/196/105 162/173/105
f 170/129/105 16/174/105 162/173/105
f 163/196/106 16/174/106 158/134/106
f 16/174/106 19/132/106 158/134/106
f 22/135/107 156/137/107 159/133/107
f 25/136/108 157/175/108 156/137/108
f 157/175/109 25/136/109 160/140/109
f 25/136/109 28/138/109 160/140/109
f 164/141/110 161/139/110 28/138/110
f 28/138/110 1/142/110 164/141/110
f 1/142/110 148/122/110 146/123/110
f 181/145/5 182/178/5 22/176/5
f 182/178/5 1/197/5 28/198/5
f 181/145/5 22/176/5 19/199/5
f 28/198/5 25/177/5 182/178/5
f 25/177/5 22/176/5 182/178/5
f 19/199/5 16/143/5 181/145/5
f 186/43/103 32/124/103 178/179/103
f 32/124/103 179/200/103 178/179/103
f 178/179/103 174/146/103 186/43/103
f 173/149/104 180/181/104 45/131/104
f 180/181/104 177/180/104 45/131/104
f 45/131/104 185/147/104 173/149/104
f 149/130/105 185/147/105 45/131/105
f 45/131/105 48/174/105 151/150/105
f 48/174/105 171/201/105 151/150/105
f 171/201/106 48/174/106 165/152/106
f 48/174/106 51/132/106 165/152/106
f 54/135/107 168/137/107 167/151/107
f 56/136/108 169/182/108 168/137/108
f 169/182/109 56/136/109 166/154/109
f 56/136/109 59/138/109 166/154/109
f 152/155/110 172/153/110 59/138/110
f 59/138/110 32/142/110 152/155/110
f 32/142/110 186/162/110 150/156/110
f 177/157/5 179/183/5 51/199/5
f 179/183/5 32/197/5 59/198/5
f 51/199/5 179/183/5 54/176/5
f 59/198/5 56/177/5 179/183/5
f 56/177/5 54/176/5 179/183/5
f 51/199/5 48/143/5 177/157/5
f 155/17/749 201/17/749 204/17/749
f 150/4/750 200/4/750 196/4/750
f 131/4/116 195/4/116 188/104/116
f 175/4/116 205/4/116 195/4/116
f 176/4/114 144/4/114 197/4/114
f 185/147/119 149/130/119 192/130/119
f 155/161/120 154/128/120 191/128/120
f 175/148/120 185/147/120 193/147/120
f 154/128/119 153/130/119 190/130/119
f 186/162/100 202/162/100 200/156/100
f 130/104/116 188/104/116 198/163/116
f 147/125/122 198/125/122 199/43/122
f 171/110/105 228/110/105 210/38/105
f 162/94/105 219/94/105 227/103/105
f 160/85/109 217/85/109 214/164/109
f 159/165/106 216/165/106 215/88/106
f 169/166/108 226/166/108 225/92/108
f 166/108/109 172/109/109 229/109/109
f 158/88/106 215/88/106 220/87/106
f 161/86/110 164/107/110 221/107/110
f 150/4/110 209/4/110 211/36/110
f 167/167/106 224/167/106 222/168/106
f 163/87/105 220/87/105 219/94/105
f 165/168/106 222/168/106 228/110/106
f 172/109/110 152/36/110 211/36/110
f 149/4/105 151/38/105 210/38/105
f 157/164/108 214/164/108 213/50/108
f 153/17/105 170/103/105 227/103/105
f 156/50/107 213/50/107 216/165/107
f 146/106/110 207/106/110 221/107/110
f 160/85/109 161/86/109 218/86/109
f 168/92/107 225/92/107 224/167/107
f 166/108/109 223/108/109 226/166/109
f 275/1/753 270/3/753 266/2/753
f 378/4/754 421/4/754 423/4/754
f 244/5/755 369/5/755 366/6/755
f 269/8/756 325/8/756 328/7/756
f 351/9/757 235/9/757 233/9/757
f 233/9/758 234/9/758 314/9/758
f 234/9/759 263/9/759 262/9/759
f 314/9/760 234/9/760 262/9/760
f 339/12/761 338/11/761 256/49/761
f 242/14/763 249/21/763 239/33/763
f 260/23/767 268/14/767 242/14/767
f 310/26/768 271/48/768 259/25/768
f 234/13/769 240/13/769 249/21/769
f 306/170/770 337/32/770 340/31/770
f 340/31/771 268/30/771 260/171/771
f 239/33/772 249/21/772 253/22/772
f 381/36/773 354/35/773 303/4/773
f 380/38/774 378/4/774 231/4/774
f 336/40/775 335/39/775 321/39/775
f 382/17/776 419/17/776 432/17/776
f 314/41/777 262/186/777 340/31/777
f 431/43/778 435/44/778 405/44/778
f 287/47/780 289/34/780 253/22/780
f 310/26/781 389/85/781 271/48/781
f 389/85/782 386/164/782 271/48/782
f 271/48/783 386/164/783 385/50/783
f 256/49/784 271/48/784 385/50/784
f 256/49/785 385/50/785 388/165/785
f 256/49/786 388/165/786 387/88/786
f 366/9/789 365/9/789 233/9/789
f 295/51/790 271/48/790 256/49/790
f 309/172/792 307/54/792 259/25/792
f 259/25/793 290/53/793 266/2/793
f 270/55/794 331/59/794 309/57/794
f 331/59/795 330/73/795 309/57/795
f 256/49/796 338/11/796 306/71/796
f 260/23/797 255/24/797 256/49/797
f 290/61/799 259/25/799 271/48/799
f 239/33/800 289/34/800 295/51/800
f 238/63/801 279/63/801 286/64/801
f 238/63/802 287/47/802 272/1/802
f 258/64/805 290/67/805 287/47/805
f 275/1/806 290/67/806 258/64/806
f 278/66/811 279/63/811 238/63/811
f 258/64/812 286/64/812 284/68/812
f 281/69/813 278/66/813 247/66/813
f 299/9/814 298/9/814 293/9/814
f 292/9/815 289/9/815 287/9/815
f 293/9/816 290/9/816 295/9/816
f 294/9/817 295/9/817 289/9/817
f 287/9/818 290/9/818 293/9/818
f 292/9/820 297/9/820 299/9/820
f 296/9/821 297/9/821 292/9/821
f 298/9/822 296/9/822 291/9/822
f 353/74/823 357/75/823 300/17/823
f 329/76/824 320/77/824 307/54/824
f 267/78/825 347/78/825 348/79/825
f 350/81/826 341/42/826 342/80/826
f 358/82/827 354/35/827 320/77/827
f 344/84/828 346/83/828 318/83/828
f 355/93/829 393/107/829 390/86/829
f 390/86/830 389/85/830 310/26/830
f 311/10/831 387/88/831 392/87/831
f 351/89/832 314/41/832 341/42/832
f 358/82/833 329/76/833 332/90/833
f 320/77/834 395/108/834 307/54/834
f 395/108/835 398/166/835 307/54/835
f 394/168/836 312/27/836 259/25/836
f 396/167/837 394/168/837 259/25/837
f 307/54/838 398/166/838 397/92/838
f 397/92/839 396/167/839 259/25/839
f 349/37/192 355/93/192 310/26/192
f 391/94/840 399/103/840 357/75/840
f 357/75/841 339/12/841 391/94/841
f 352/91/842 332/90/842 323/95/842
f 269/8/843 331/59/843 322/60/843
f 316/7/844 332/90/844 331/59/844
f 323/95/845 332/90/845 316/7/845
f 326/98/847 325/8/847 269/8/847
f 316/7/848 328/7/848 327/97/848
f 319/99/849 329/76/849 330/73/849
f 330/73/850 331/59/850 321/39/850
f 331/59/851 332/90/851 324/40/851
f 324/40/852 332/90/852 329/76/852
f 334/100/854 333/99/854 319/99/854
f 333/99/855 336/40/855 324/40/855
f 321/39/856 335/39/856 334/100/856
f 337/32/857 338/11/857 305/101/857
f 338/11/858 339/12/858 318/83/858
f 267/78/859 340/31/859 337/32/859
f 341/42/860 340/31/860 267/78/860
f 342/80/861 341/42/861 313/79/861
f 318/83/862 339/12/862 342/80/862
f 318/83/865 346/83/865 345/101/865
f 313/79/866 348/79/866 344/84/866
f 343/102/867 347/78/867 267/78/867
f 305/101/868 345/101/868 343/102/868
f 246/45/869 352/91/869 356/96/869
f 357/75/870 399/103/870 382/17/870
f 250/104/871 355/93/871 349/37/871
f 302/105/872 358/82/872 352/91/872
f 244/5/873 235/6/873 351/89/873
f 393/107/874 355/93/874 250/104/874
f 303/4/875 354/35/875 358/82/875
f 301/18/876 244/5/876 350/81/876
f 339/12/877 357/75/877 353/74/877
f 354/35/878 381/36/878 401/109/878
f 401/109/879 395/108/879 320/77/879
f 400/110/880 380/38/880 312/27/880
f 380/38/881 349/37/881 312/27/881
f 362/113/882 360/4/882 402/187/882
f 360/4/883 404/4/883 402/187/883
f 402/187/884 409/191/884 362/113/884
f 373/4/885 374/188/885 407/189/885
f 374/188/886 367/113/886 407/189/886
f 407/189/887 367/113/887 408/111/887
f 403/190/888 405/4/888 373/4/888
f 407/189/889 403/190/889 373/4/889
f 362/113/890 409/191/890 406/112/890
f 362/113/891 406/112/891 408/111/891
f 361/114/892 412/120/892 410/192/892
f 411/116/893 376/163/893 359/104/893
f 361/114/894 410/192/894 411/116/894
f 411/116/895 359/104/895 370/115/895
f 367/113/896 368/117/896 363/117/896
f 365/118/897 366/118/897 369/114/897
f 365/118/898 361/114/898 370/115/898
f 363/117/899 364/119/899 370/115/899
f 362/113/237 370/115/237 359/104/237
f 371/121/900 372/17/900 412/120/900
f 372/17/901 384/17/901 413/193/901
f 372/17/902 413/193/902 412/120/902
f 361/114/903 369/114/903 371/121/903
f 231/4/904 423/4/904 416/104/904
f 418/123/905 428/122/905 377/122/905
f 376/125/908 411/194/908 230/124/908
f 383/128/909 243/131/909 412/127/909
f 243/131/910 410/195/910 412/127/910
f 413/126/911 384/161/911 383/128/911
f 243/131/912 383/128/912 399/129/912
f 383/128/913 382/130/913 399/129/913
f 392/196/914 245/174/914 391/173/914
f 245/174/915 243/131/915 399/129/915
f 248/132/916 245/174/916 387/134/916
f 245/174/917 392/196/917 387/134/917
f 248/132/247 388/133/247 385/137/247
f 385/137/248 386/175/248 254/136/248
f 257/138/918 254/136/918 386/175/918
f 389/140/919 390/139/919 257/138/919
f 257/138/920 390/139/920 393/141/920
f 393/141/921 375/123/921 377/122/921
f 377/122/922 230/142/922 393/141/922
f 230/197/923 411/178/923 257/198/923
f 411/178/135 410/145/135 251/176/135
f 257/198/924 411/178/924 254/177/924
f 410/145/925 243/144/925 245/143/925
f 245/143/926 248/199/926 410/145/926
f 248/199/927 251/176/927 410/145/927
f 408/200/928 261/124/928 407/179/928
f 261/124/929 415/43/929 407/179/929
f 415/43/930 405/44/930 403/146/930
f 409/181/931 402/149/931 274/131/931
f 402/149/932 404/148/932 414/147/932
f 274/131/933 402/149/933 414/147/933
f 414/147/934 378/130/934 380/150/934
f 380/150/935 400/201/935 277/174/935
f 277/174/936 274/131/936 380/150/936
f 280/132/937 277/174/937 396/151/937
f 277/174/938 400/201/938 394/152/938
f 280/132/256 396/151/256 397/137/256
f 397/137/257 398/182/257 285/136/257
f 288/138/939 285/136/939 398/182/939
f 395/154/940 401/153/940 288/138/940
f 288/138/941 401/153/941 381/155/941
f 381/155/942 379/156/942 415/162/942
f 415/162/943 261/142/943 381/155/943
f 261/197/944 408/183/944 288/198/944
f 408/183/945 406/157/945 283/176/945
f 288/198/946 408/183/946 285/177/946
f 406/157/947 274/144/947 277/143/947
f 277/143/948 280/199/948 406/157/948
f 280/199/949 283/176/949 406/157/949
f 433/17/958 430/17/958 384/17/958
f 416/104/959 418/106/959 375/106/959
f 425/4/960 429/4/960 379/4/960
f 417/104/961 424/4/961 360/4/961
f 424/4/962 434/4/962 404/4/962
f 405/4/964 435/4/964 426/4/964
f 414/147/965 422/147/965 421/130/965
f 384/161/966 430/161/966 420/128/966
f 404/148/967 434/148/967 422/147/967
f 383/128/968 420/128/968 419/130/968
f 429/156/970 431/162/970 415/162/970
f 376/163/971 427/163/971 417/104/971
f 428/43/972 427/125/972 376/125/972
f 127/96/990 7/46/990 236/46/990
f 94/95/991 323/95/991 315/97/991
f 98/97/4 86/97/4 315/97/4
f 127/96/992 356/96/992 323/95/992
f 135/119/4 364/119/4 363/117/4
f 97/98/993 326/98/993 265/98/993
f 135/119/997 136/118/997 365/118/997
f 4/9/1000 459/9/1000 234/9/1000
f 52/69/1002 281/69/1002 237/69/1002
f 93/60/1004 36/98/1004 265/98/1004
f 4/9/1005 233/9/1005 365/9/1005
f 134/117/1007 363/117/1007 368/117/1007
f 150/4/1020 379/4/1020 438/4/1020
f 149/4/661 208/4/661 437/4/661
f 153/17/661 212/17/661 441/17/661
f 146/106/1021 375/106/1021 436/106/1021
f 26/28/1023 13/29/1023 461/14/1023
f 10/185/1024 463/33/1024 20/21/1024
f 26/28/1025 462/169/1025 463/33/1025
f 467/29/1027 473/29/1027 475/184/1027
f 472/185/343 468/16/343 474/16/343
f 468/16/344 470/15/344 476/15/344
f 464/16/7 468/16/7 472/185/7
f 13/29/7 467/29/7 469/184/7
f 469/184/345 475/184/345 479/13/345
f 10/185/7 472/185/7 471/28/7
f 472/185/1031 478/185/1031 477/28/1031
f 471/28/349 477/28/349 473/29/349
f 515/1/1032 511/3/1032 507/2/1032
f 558/8/5 559/7/5 551/7/5
f 548/10/4 570/12/4 569/11/4
f 910/16/7 912/15/7 486/15/7
f 505/23/1037 509/14/1037 905/14/1037
f 547/26/4 512/48/4 504/25/4
f 909/29/7 913/28/7 500/28/7
f 505/171/1038 543/170/1038 568/32/1038
f 568/32/1039 571/31/1039 509/30/1039
f 907/33/1040 495/21/1040 498/22/1040
f 603/4/1041 605/36/1041 584/35/1041
f 580/37/1042 604/38/1042 602/4/1042
f 567/40/362 566/39/362 556/39/362
f 85/41/1044 33/186/1044 571/31/1044
f 639/43/1045 655/43/1045 659/44/1045
f 524/47/1047 526/34/1047 498/22/1047
f 547/26/4 613/85/4 512/48/4
f 613/85/4 610/164/4 512/48/4
f 611/88/4 548/10/4 501/49/4
f 612/165/4 611/88/4 501/49/4
f 512/48/4 610/164/4 609/50/4
f 609/50/4 612/165/4 501/49/4
f 532/51/1050 512/48/1050 501/49/1050
f 527/53/1052 507/2/1052 544/54/1052
f 507/2/1053 546/172/1053 544/54/1053
f 511/55/1054 562/59/1054 507/56/1054
f 562/59/1055 561/73/1055 507/56/1055
f 501/49/1056 569/11/1056 906/24/1056
f 569/11/1057 543/71/1057 505/23/1057
f 527/61/1059 504/25/1059 512/48/1059
f 907/33/1060 526/34/1060 532/51/1060
f 484/63/378 518/63/378 523/64/378
f 484/63/1061 524/47/1061 513/1/1061
f 503/64/1064 527/67/1064 524/47/1064
f 515/1/1065 527/67/1065 503/64/1065
f 517/66/386 518/63/386 484/63/386
f 503/64/387 523/64/387 521/68/387
f 52/69/388 517/66/388 493/66/388
f 536/9/43 535/9/43 530/9/43
f 529/9/1069 526/9/1069 524/9/1069
f 530/9/1070 527/9/1070 532/9/1070
f 532/9/1071 526/9/1071 529/9/1071
f 524/9/1072 527/9/1072 530/9/1072
f 529/9/49 534/9/49 536/9/49
f 533/9/50 534/9/50 529/9/50
f 535/9/51 533/9/51 528/9/51
f 583/74/1074 586/75/1074 537/17/1074
f 560/76/397 555/77/397 544/54/397
f 508/78/398 578/78/398 579/79/398
f 581/81/1075 572/42/1075 573/80/1075
f 587/82/1076 584/35/1076 555/77/1076
f 575/84/401 577/83/401 553/83/401
f 585/93/402 617/107/402 547/26/402
f 617/107/402 614/86/402 547/26/402
f 548/10/402 611/88/402 616/87/402
f 122/89/1077 85/41/1077 572/42/1077
f 587/82/1078 560/76/1078 563/90/1078
f 555/77/4 619/108/4 544/54/4
f 619/108/4 622/166/4 544/54/4
f 618/168/4 549/27/4 504/25/4
f 620/167/4 618/168/4 504/25/4
f 544/54/4 622/166/4 621/92/4
f 621/92/4 620/167/4 504/25/4
f 580/37/402 585/93/402 547/26/402
f 548/10/402 615/94/402 570/12/402
f 615/94/402 623/103/402 586/75/402
f 582/91/1079 563/90/1079 94/95/1079
f 510/8/407 562/59/407 93/60/407
f 563/90/407 562/59/407 510/8/407
f 94/95/407 563/90/407 551/7/407
f 97/98/410 558/8/410 510/8/410
f 551/7/411 559/7/411 98/97/411
f 554/99/412 560/76/412 561/73/412
f 545/100/412 561/73/412 562/59/412
f 556/39/412 562/59/412 563/90/412
f 563/90/412 560/76/412 554/99/412
f 565/100/413 564/99/413 554/99/413
f 564/99/414 567/40/414 557/40/414
f 556/39/415 566/39/415 565/100/415
f 568/32/1080 569/11/1080 542/101/1080
f 569/11/1081 570/12/1081 553/83/1081
f 508/78/1082 571/31/1082 568/32/1082
f 572/42/1083 571/31/1083 508/78/1083
f 573/80/1084 572/42/1084 550/79/1084
f 553/83/1085 570/12/1085 573/80/1085
f 553/83/424 577/83/424 576/101/424
f 550/79/425 579/79/425 575/84/425
f 574/102/426 578/78/426 508/78/426
f 542/101/427 576/101/427 574/102/427
f 492/45/1088 582/91/1088 127/96/1088
f 586/75/361 623/103/361 606/17/361
f 496/104/361 585/93/361 580/37/361
f 539/105/1089 587/82/1089 582/91/1089
f 490/5/1090 6/6/1090 122/89/1090
f 599/106/361 617/107/361 585/93/361
f 540/4/1091 584/35/1091 587/82/1091
f 538/18/1092 490/5/1092 581/81/1092
f 570/12/1093 586/75/1093 583/74/1093
f 584/35/1094 605/36/1094 625/109/1094
f 625/109/434 619/108/434 555/77/434
f 624/110/1095 604/38/1095 549/27/1095
f 604/38/1096 580/37/1096 549/27/1096
f 591/113/436 589/4/436 626/187/436
f 589/4/436 628/4/436 626/187/436
f 626/187/1097 633/191/1097 591/113/1097
f 633/191/435 630/112/435 591/113/435
f 597/4/1097 598/188/1097 631/189/1097
f 598/188/435 592/113/435 632/111/435
f 627/190/436 629/4/436 597/4/436
f 632/111/435 631/189/435 598/188/435
f 631/189/1097 627/190/1097 597/4/1097
f 591/113/435 630/112/435 632/111/435
f 590/114/436 636/120/436 634/192/436
f 635/116/436 600/163/436 588/104/436
f 590/114/436 634/192/436 635/116/436
f 635/116/436 588/104/436 594/115/436
f 592/113/1098 139/117/1098 134/117/1098
f 136/118/1099 137/118/1099 593/114/1099
f 136/118/98 590/114/98 594/115/98
f 135/119/98 594/115/98 591/113/98
f 591/113/436 594/115/436 588/104/436
f 595/121/1100 596/17/1100 636/120/1100
f 596/17/98 608/17/98 637/193/98
f 637/193/1101 636/120/1101 596/17/1101
f 636/120/1102 590/114/1102 595/121/1102
f 642/123/439 652/122/439 601/122/439
f 600/125/103 635/194/103 481/124/103
f 607/128/104 489/131/104 636/127/104
f 489/131/104 634/195/104 636/127/104
f 636/127/104 637/126/104 607/128/104
f 489/131/105 607/128/105 606/130/105
f 623/129/105 615/173/105 491/174/105
f 615/173/105 616/196/105 491/174/105
f 489/131/105 606/130/105 623/129/105
f 494/132/106 491/174/106 611/134/106
f 491/174/106 616/196/106 611/134/106
f 612/133/107 609/137/107 497/135/107
f 609/137/108 610/175/108 499/136/108
f 502/138/109 499/136/109 613/140/109
f 499/136/109 610/175/109 613/140/109
f 502/138/110 614/139/110 617/141/110
f 617/141/110 599/123/110 481/142/110
f 599/123/110 601/122/110 481/142/110
f 481/197/4 635/178/4 502/198/4
f 635/178/4 634/145/4 497/176/4
f 502/198/4 635/178/4 499/177/4
f 634/145/4 489/144/4 491/143/4
f 491/143/4 494/199/4 634/145/4
f 494/199/4 497/176/4 634/145/4
f 632/200/103 506/124/103 631/179/103
f 506/124/103 639/43/103 631/179/103
f 639/43/103 629/44/103 627/146/103
f 630/180/104 633/181/104 514/131/104
f 633/181/104 626/149/104 514/131/104
f 626/149/104 628/148/104 638/147/104
f 514/131/105 638/147/105 602/130/105
f 604/150/105 624/201/105 516/174/105
f 514/131/105 602/130/105 604/150/105
f 519/132/106 516/174/106 618/152/106
f 516/174/106 624/201/106 618/152/106
f 620/151/107 621/137/107 520/135/107
f 621/137/108 622/182/108 522/136/108
f 525/138/109 522/136/109 619/154/109
f 522/136/109 622/182/109 619/154/109
f 525/138/110 625/153/110 605/155/110
f 605/155/110 603/156/110 506/142/110
f 603/156/110 639/162/110 506/142/110
f 506/197/4 632/183/4 525/198/4
f 632/183/4 630/157/4 519/199/4
f 525/198/4 632/183/4 522/177/4
f 630/157/4 514/144/4 516/143/4
f 516/143/4 519/199/4 630/157/4
f 519/199/4 520/176/4 632/183/4
f 657/17/1107 654/17/1107 608/17/1107
f 649/4/1108 653/4/1108 603/4/1108
f 641/104/446 648/4/446 589/4/446
f 648/4/446 658/4/446 628/4/446
f 629/4/1110 659/4/1110 650/4/1110
f 638/147/448 646/147/448 645/130/448
f 608/161/449 654/161/449 644/128/449
f 628/148/449 658/148/449 646/147/449
f 607/128/448 644/128/448 643/130/448
f 653/156/439 655/162/439 639/162/439
f 651/163/446 641/104/446 588/104/446
f 652/43/451 651/125/451 600/125/451
f 663/38/105 681/110/105 624/110/105
f 680/103/105 672/94/105 615/94/105
f 667/164/109 670/85/109 613/85/109
f 668/88/106 669/165/106 612/165/106
f 678/92/108 679/166/108 622/166/108
f 619/108/109 676/108/109 682/109/109
f 673/87/106 668/88/106 611/88/106
f 614/86/110 671/86/110 674/107/110
f 664/36/110 662/4/110 603/4/110
f 675/168/106 677/167/106 620/167/106
f 672/94/105 673/87/105 616/87/105
f 681/110/106 675/168/106 618/168/106
f 625/109/110 682/109/110 664/36/110
f 602/4/105 661/4/105 663/38/105
f 666/50/108 667/164/108 610/164/108
f 606/17/105 665/17/105 680/103/105
f 669/165/107 666/50/107 609/50/107
f 674/107/110 660/106/110 599/106/110
f 613/85/109 670/85/109 671/86/109
f 677/167/107 678/92/107 621/92/107
f 679/166/109 676/108/109 619/108/109
f 726/1/1112 741/53/1112 717/2/1112
f 824/4/1113 684/4/1113 869/4/1113
f 696/5/1114 688/6/1114 812/6/1114
f 720/8/1115 766/7/1115 776/7/1115
f 799/9/1116 765/9/1116 686/9/1116
f 765/9/1117 713/9/1117 687/9/1117
f 713/9/1118 714/9/1118 687/9/1118
f 687/9/1119 686/9/1119 765/9/1119
f 707/49/1120 786/11/1120 787/12/1120
f 694/14/1122 706/169/1122 692/33/1122
f 694/14/1126 719/14/1126 711/23/1126
f 710/25/1127 722/48/1127 761/26/1127
f 687/13/1128 694/14/1128 701/21/1128
f 711/171/1129 719/30/1129 788/31/1129
f 788/31/1130 785/32/1130 757/170/1130
f 704/22/1131 701/21/1131 692/33/1131
f 754/4/1132 802/35/1132 827/36/1132
f 684/4/1133 824/4/1133 826/38/1133
f 771/39/1134 783/39/1134 784/40/1134
f 828/17/1135 751/17/1135 878/17/1135
f 788/31/1136 713/186/1136 765/41/1136
f 851/44/1137 881/44/1137 877/43/1137
f 738/47/1139 723/1/1139 704/22/1139
f 832/164/1140 835/85/1140 722/48/1140
f 835/85/1141 761/26/1141 722/48/1141
f 831/50/1142 832/164/1142 722/48/1142
f 831/50/1143 722/48/1143 707/49/1143
f 834/165/1144 831/50/1144 707/49/1144
f 833/88/1145 834/165/1145 707/49/1145
f 686/9/1148 811/9/1148 812/9/1148
f 746/51/1149 706/62/1149 707/49/1149
f 717/2/1151 741/53/1151 710/25/1151
f 710/25/1152 758/54/1152 760/172/1152
f 778/73/1153 779/59/1153 717/56/1153
f 779/59/1154 721/55/1154 717/56/1154
f 757/71/1155 786/11/1155 707/49/1155
f 707/49/1156 706/24/1156 711/23/1156
f 741/61/1158 746/51/1158 722/48/1158
f 746/51/1159 740/34/1159 692/33/1159
f 691/63/1160 709/64/1160 737/64/1160
f 691/63/1161 699/66/1161 723/1/1161
f 709/64/1164 691/63/1164 738/47/1164
f 709/64/1165 741/67/1165 726/1/1165
f 691/63/1170 730/63/1170 729/66/1170
f 709/64/1171 693/68/1171 735/68/1171
f 699/66/1172 729/66/1172 732/69/1172
f 744/9/1173 749/9/1173 750/9/1173
f 743/9/1174 742/9/1174 738/9/1174
f 744/9/1175 745/9/1175 746/9/1175
f 745/9/1176 743/9/1176 740/9/1176
f 744/9/1177 741/9/1177 738/9/1177
f 743/9/1179 745/9/1179 750/9/1179
f 743/9/1180 748/9/1180 747/9/1180
f 742/9/1181 747/9/1181 749/9/1181
f 801/74/1182 752/18/1182 751/17/1182
f 777/76/1183 778/73/1183 758/54/1183
f 718/78/1184 764/79/1184 796/79/1184
f 790/80/1185 789/42/1185 798/81/1185
f 806/82/1186 777/76/1186 770/77/1186
f 768/83/1187 794/83/1187 792/84/1187
f 836/86/1188 839/107/1188 803/93/1188
f 761/26/1189 835/85/1189 836/86/1189
f 762/10/1190 837/94/1190 838/87/1190
f 789/42/1191 765/41/1191 799/89/1191
f 780/90/1192 777/76/1192 806/82/1192
f 844/166/1193 841/108/1193 758/54/1193
f 841/108/1194 770/77/1194 758/54/1194
f 710/25/1195 763/27/1195 840/168/1195
f 710/25/1196 840/168/1196 842/167/1196
f 710/25/1197 842/167/1197 843/92/1197
f 843/92/1198 844/166/1198 758/54/1198
f 797/37/521 763/27/521 761/26/521
f 837/94/1199 762/10/1199 787/12/1199
f 787/12/1200 805/75/1200 837/94/1200
f 773/95/1201 780/90/1201 800/91/1201
f 720/8/1202 716/98/1202 772/60/1202
f 766/7/1203 720/8/1203 779/59/1203
f 766/7/1204 780/90/1204 773/95/1204
f 720/8/1206 775/8/1206 326/98/1206
f 766/7/1207 315/97/1207 327/97/1207
f 769/99/1208 759/100/1208 778/73/1208
f 771/39/1209 779/59/1209 778/73/1209
f 774/40/1210 780/90/1210 779/59/1210
f 774/40/1211 769/99/1211 777/76/1211
f 769/99/1213 781/99/1213 782/100/1213
f 774/40/1214 784/40/1214 781/99/1214
f 771/39/1215 759/100/1215 782/100/1215
f 756/101/1216 786/11/1216 785/32/1216
f 768/83/1217 787/12/1217 786/11/1217
f 718/78/1218 755/102/1218 785/32/1218
f 718/78/1219 788/31/1219 789/42/1219
f 764/79/1220 789/42/1220 790/80/1220
f 768/83/1221 767/84/1221 790/80/1221
f 768/83/1224 756/101/1224 793/101/1224
f 764/79/1225 767/84/1225 792/84/1225
f 718/78/1226 795/78/1226 791/102/1226
f 756/101/1227 755/102/1227 791/102/1227
f 804/96/1228 800/91/1228 698/45/1228
f 805/75/1229 751/17/1229 828/17/1229
f 797/37/1230 803/93/1230 702/104/1230
f 800/91/1231 806/82/1231 753/105/1231
f 696/5/1232 798/81/1232 799/89/1232
f 702/104/1233 803/93/1233 839/107/1233
f 806/82/1234 802/35/1234 754/4/1234
f 752/18/1235 801/74/1235 798/81/1235
f 801/74/1236 805/75/1236 787/12/1236
f 847/109/1237 827/36/1237 802/35/1237
f 770/77/1238 841/108/1238 847/109/1238
f 846/110/1239 840/168/1239 763/27/1239
f 763/27/1240 797/37/1240 826/38/1240
f 850/4/1241 808/4/1241 848/187/1241
f 808/4/1242 810/113/1242 848/187/1242
f 813/113/1243 820/188/1243 853/189/1243
f 820/188/1244 819/4/1244 853/189/1244
f 819/4/1245 851/4/1245 849/190/1245
f 819/4/1246 849/190/1246 853/189/1246
f 855/191/1247 848/187/1247 810/113/1247
f 813/113/1248 853/189/1248 854/111/1248
f 852/112/1249 855/191/1249 810/113/1249
f 813/113/1250 854/111/1250 810/113/1250
f 856/192/1251 858/120/1251 809/114/1251
f 816/115/1252 807/104/1252 857/116/1252
f 807/104/1253 822/163/1253 857/116/1253
f 857/116/1254 856/192/1254 809/114/1254
f 363/117/1255 814/117/1255 813/113/1255
f 811/118/1256 809/114/1256 815/114/1256
f 816/115/1257 809/114/1257 811/118/1257
f 363/117/7 810/113/7 816/115/7
f 810/113/566 808/4/566 807/104/566
f 830/17/1258 818/17/1258 859/193/1258
f 818/17/1259 817/121/1259 858/120/1259
f 859/193/1260 818/17/1260 858/120/1260
f 817/121/1261 815/114/1261 809/114/1261
f 684/4/1262 702/104/1262 862/104/1262
f 823/122/1263 874/122/1263 864/123/1263
f 683/124/1266 857/194/1266 822/125/1266
f 856/195/1267 695/131/1267 858/127/1267
f 695/131/1268 829/128/1268 858/127/1268
f 829/128/1269 830/161/1269 859/126/1269
f 828/130/1270 829/128/1270 845/129/1270
f 829/128/1271 695/131/1271 845/129/1271
f 695/131/1272 697/174/1272 845/129/1272
f 697/174/1273 838/196/1273 837/173/1273
f 838/196/1274 697/174/1274 833/134/1274
f 697/174/1275 700/132/1275 833/134/1275
f 700/132/576 703/135/576 831/137/576
f 705/136/577 832/175/577 831/137/577
f 832/175/1276 705/136/1276 708/138/1276
f 708/138/1277 836/139/1277 835/140/1277
f 839/141/1278 836/139/1278 708/138/1278
f 708/138/1279 683/142/1279 839/141/1279
f 683/142/1280 823/122/1280 839/141/1280
f 856/145/464 857/178/464 703/176/464
f 857/178/1281 683/197/1281 708/198/1281
f 856/145/1282 703/176/1282 700/199/1282
f 708/198/1283 705/177/1283 857/178/1283
f 705/177/1284 703/176/1284 857/178/1284
f 700/199/1285 697/143/1285 856/145/1285
f 861/43/1286 712/124/1286 853/179/1286
f 712/124/1287 854/200/1287 853/179/1287
f 853/179/1288 849/146/1288 861/43/1288
f 855/181/1289 852/180/1289 725/131/1289
f 725/131/1290 860/147/1290 848/149/1290
f 860/147/1291 850/148/1291 848/149/1291
f 860/147/1292 725/131/1292 826/150/1292
f 725/131/1293 728/174/1293 826/150/1293
f 728/174/1294 846/201/1294 826/150/1294
f 846/201/1295 728/174/1295 840/152/1295
f 728/174/1296 731/132/1296 842/151/1296
f 731/132/585 734/135/585 843/137/585
f 736/136/586 844/182/586 843/137/586
f 844/182/1297 736/136/1297 739/138/1297
f 739/138/1298 847/153/1298 841/154/1298
f 827/155/1299 847/153/1299 739/138/1299
f 739/138/1300 712/142/1300 827/155/1300
f 712/142/1301 861/162/1301 827/155/1301
f 852/157/1302 854/183/1302 734/176/1302
f 854/183/1303 712/197/1303 739/198/1303
f 852/157/1304 734/176/1304 731/199/1304
f 739/198/1305 736/177/1305 854/183/1305
f 736/177/1306 734/176/1306 854/183/1306
f 731/199/1307 728/143/1307 852/157/1307
f 830/17/1316 876/17/1316 879/17/1316
f 821/106/1317 864/106/1317 862/104/1317
f 825/4/1318 875/4/1318 871/4/1318
f 808/4/1319 870/4/1319 863/104/1319
f 850/4/1320 880/4/1320 870/4/1320
f 851/4/1322 819/4/1322 872/4/1322
f 860/147/1323 824/130/1323 867/130/1323
f 830/161/1324 829/128/1324 866/128/1324
f 850/148/1325 860/147/1325 868/147/1325
f 829/128/1326 828/130/1326 865/130/1326
f 861/162/1328 877/162/1328 875/156/1328
f 822/163/1329 807/104/1329 863/104/1329
f 822/125/1330 873/125/1330 874/43/1330
f 127/96/1348 804/96/1348 689/46/1348
f 315/97/1349 773/95/1349 94/95/1349
f 773/95/1350 804/96/1350 127/96/1350
f 716/98/1351 326/98/1351 97/98/1351
f 135/119/1355 364/119/1355 811/118/1355
f 4/9/311 686/9/311 687/9/311
f 690/69/1359 732/69/1359 52/69/1359
f 93/60/1361 772/60/1361 716/98/1361
f 811/9/1005 686/9/1005 4/9/1005
f 814/117/1363 363/117/1363 134/117/1363
f 884/4/1376 825/4/1376 603/4/1376
f 602/4/1377 824/4/1377 883/4/1377
f 606/17/1378 828/17/1378 887/17/1378
f 882/106/1379 821/106/1379 599/106/1379
f 500/28/1381 906/169/1381 905/14/1381
f 495/21/1382 907/33/1382 485/185/1382
f 907/33/1383 906/169/1383 500/28/1383
f 917/184/1385 915/29/1385 909/29/1385
f 914/185/670 920/185/670 916/16/670
f 910/16/671 916/16/671 918/15/671
f 914/185/7 910/16/7 908/16/7
f 911/184/7 909/29/7 488/29/7
f 479/13/672 917/184/672 911/184/672
f 913/28/7 914/185/7 485/185/7
f 919/28/675 920/185/675 914/185/675
f 915/29/676 919/28/676 913/28/676
usemtl Material.002
f 50/63/38 57/64/38 55/68/38
f 67/9/48 70/9/48 69/9/48
f 284/68/165 279/63/165 278/66/165
f 299/9/175 296/9/175 298/9/175
f 52/69/314 282/65/314 281/69/314
f 473/29/346 478/185/346 474/16/346
f 475/184/347 474/16/347 476/15/347
f 475/184/335 480/13/335 479/13/335
f 521/68/384 518/63/384 517/66/384
f 536/9/393 533/9/393 535/9/393
f 730/63/494 737/64/494 735/68/494
f 747/9/504 750/9/504 749/9/504
f 52/69/643 733/65/643 53/65/643
f 915/29/673 920/185/673 919/28/673
f 917/184/674 916/16/674 915/29/674
f 480/13/662 917/184/662 479/13/662
f 55/68/709 53/65/709 49/66/709
f 53/65/710 52/69/710 49/66/710
f 49/66/711 50/63/711 55/68/711
f 67/9/716 68/9/716 70/9/716
f 281/69/807 282/65/807 278/66/807
f 282/65/808 284/68/808 278/66/808
f 284/68/809 286/64/809 279/63/809
f 299/9/819 297/9/819 296/9/819
f 52/69/1003 53/65/1003 282/65/1003
f 473/29/1028 477/28/1028 478/185/1028
f 475/184/1029 473/29/1029 474/16/1029
f 475/184/1030 476/15/1030 480/13/1030
f 52/69/1066 53/65/1066 517/66/1066
f 53/65/1067 521/68/1067 517/66/1067
f 521/68/1068 523/64/1068 518/63/1068
f 536/9/1073 534/9/1073 533/9/1073
f 735/68/1166 733/65/1166 729/66/1166
f 733/65/1167 732/69/1167 729/66/1167
f 729/66/1168 730/63/1168 735/68/1168
f 747/9/1178 748/9/1178 750/9/1178
f 52/69/1360 732/69/1360 733/65/1360
f 915/29/1386 916/16/1386 920/185/1386
f 917/184/1387 918/15/1387 916/16/1387
f 480/13/1388 918/15/1388 917/184/1388
usemtl Material.003
f 107/40/69 105/100/69 104/99/69
f 336/40/205 334/100/205 335/39/205
f 567/40/412 565/100/412 566/39/412
f 784/40/534 782/100/534 781/99/534
f 107/40/69 106/39/69 105/100/69
f 336/40/853 333/99/853 334/100/853
f 567/40/412 564/99/412 565/100/412
f 784/40/1212 783/39/1212 782/100/1212
usemtl Material.004
f 2/4/2 192/4/2 149/4/2
f 15/5/3 137/6/3 140/5/3
f 71/17/8 142/18/8 143/17/8
f 153/17/17 203/17/17 190/17/17
f 17/45/20 139/46/20 7/46/20
f 72/18/23 140/5/23 142/18/23
f 97/98/66 99/7/66 98/97/66
f 21/104/2 194/4/2 2/4/2
f 74/4/101 145/105/101 73/105/101
f 73/105/102 138/45/102 17/45/102
f 187/104/111 189/106/111 199/158/111
f 204/17/112 201/17/112 191/159/112
f 187/104/111 195/4/111 194/4/111
f 196/4/113 200/4/113 202/4/113
f 195/4/111 205/4/111 193/160/111
f 146/106/2 187/104/2 21/104/2
f 74/4/117 197/4/117 144/4/117
f 71/17/121 204/17/121 203/17/121
f 372/17/131 301/18/131 300/17/131
f 368/46/145 246/45/145 236/46/145
f 301/18/149 369/5/149 244/5/149
f 328/7/198 326/98/198 327/97/198
f 374/105/241 303/4/241 302/105/241
f 367/45/242 302/105/242 246/45/242
f 428/158/261 418/106/261 416/104/261
f 420/159/262 433/17/262 432/17/262
f 424/4/263 416/104/263 423/4/263
f 431/4/264 429/4/264 425/4/264
f 423/4/265 421/4/265 422/160/265
f 373/4/271 425/4/271 303/4/271
f 432/17/277 372/17/277 300/17/277
f 439/38/281 400/110/281 380/38/281
f 456/103/282 391/94/282 399/103/282
f 386/164/283 446/85/283 389/85/283
f 444/88/284 388/165/284 387/88/284
f 397/92/285 455/166/285 398/166/285
f 395/108/286 458/109/286 401/109/286
f 449/87/287 387/88/287 392/87/287
f 390/86/288 450/107/288 393/107/288
f 381/36/289 438/4/289 379/4/289
f 451/168/290 396/167/290 394/168/290
f 448/94/291 392/87/291 391/94/291
f 457/110/292 394/168/292 400/110/292
f 401/109/293 440/36/293 381/36/293
f 437/4/294 380/38/294 378/4/294
f 385/50/295 443/164/295 386/164/295
f 441/17/296 399/103/296 382/17/296
f 445/165/297 385/50/297 388/165/297
f 393/107/298 436/106/298 375/106/298
f 389/85/299 447/86/299 390/86/299
f 453/167/300 397/92/300 396/167/300
f 398/166/301 452/108/301 395/108/301
f 98/97/4 326/98/4 97/98/4
f 7/46/309 368/46/309 236/46/309
f 228/110/319 451/168/319 457/110/319
f 208/4/320 439/38/320 437/4/320
f 214/164/5 446/85/5 443/164/5
f 218/86/321 450/107/321 447/86/321
f 224/167/5 451/168/5 222/168/5
f 212/17/322 456/103/322 441/17/322
f 207/106/323 450/107/323 221/107/323
f 220/87/324 444/88/324 449/87/324
f 209/4/325 440/36/325 211/36/325
f 216/165/5 444/88/5 215/88/5
f 220/87/326 448/94/326 219/94/326
f 226/166/5 452/108/5 455/166/5
f 219/94/327 456/103/327 227/103/327
f 229/109/328 452/108/328 223/108/328
f 225/92/5 453/167/5 224/167/5
f 228/110/329 439/38/329 210/38/329
f 213/50/5 443/164/5 442/50/5
f 216/165/5 442/50/5 445/165/5
f 218/86/330 446/85/330 217/85/330
f 226/166/5 454/92/5 225/92/5
f 229/109/331 440/36/331 458/109/331
f 645/4/351 482/4/351 602/4/351
f 490/5/352 137/6/352 6/6/352
f 537/17/354 595/18/354 538/18/354
f 606/17/363 656/17/363 537/17/363
f 139/46/366 492/45/366 7/46/366
f 538/18/369 593/5/369 490/5/369
f 559/7/409 97/98/409 98/97/409
f 647/4/351 496/104/351 482/4/351
f 598/105/440 540/4/440 539/105/440
f 592/45/441 539/105/441 492/45/441
f 652/158/442 642/106/442 640/104/442
f 644/159/443 657/17/443 656/17/443
f 648/4/442 640/104/442 647/4/442
f 655/4/444 653/4/444 649/4/444
f 647/4/442 645/4/442 646/160/442
f 640/104/351 599/106/351 496/104/351
f 650/4/447 540/4/447 597/4/447
f 537/17/450 657/17/450 596/17/450
f 752/18/460 818/17/460 751/17/460
f 698/45/474 814/46/474 689/46/474
f 752/18/478 815/5/478 817/18/478
f 326/98/527 776/7/527 327/97/527
f 754/4/570 820/105/570 753/105/570
f 753/105/571 813/45/571 698/45/571
f 862/104/590 864/106/590 874/158/590
f 879/17/591 876/17/591 866/159/591
f 862/104/592 870/4/592 869/4/592
f 871/4/593 875/4/593 877/4/593
f 870/4/594 880/4/594 868/160/594
f 819/4/600 871/4/600 872/4/600
f 818/17/606 878/17/606 751/17/606
f 846/110/610 885/38/610 826/38/610
f 837/94/611 902/103/611 845/103/611
f 832/164/612 892/85/612 889/164/612
f 834/165/613 890/88/613 833/88/613
f 843/92/614 901/166/614 900/92/614
f 841/108/615 904/109/615 898/108/615
f 833/88/616 895/87/616 838/87/616
f 836/86/617 896/107/617 893/86/617
f 827/36/618 884/4/618 886/36/618
f 842/167/619 897/168/619 840/168/619
f 838/87/620 894/94/620 837/94/620
f 840/168/621 903/110/621 846/110/621
f 847/109/622 886/36/622 904/109/622
f 826/38/623 883/4/623 824/4/623
f 831/50/624 889/164/624 888/50/624
f 845/103/625 887/17/625 828/17/625
f 831/50/626 891/165/626 834/165/626
f 839/107/627 882/106/627 896/107/627
f 835/85/628 893/86/628 892/85/628
f 843/92/629 899/167/629 842/167/629
f 844/166/630 898/108/630 901/166/630
f 7/46/638 814/46/638 139/46/638
f 681/110/648 897/168/648 675/168/648
f 661/4/649 885/38/649 663/38/649
f 667/164/4 892/85/4 670/85/4
f 671/86/650 896/107/650 674/107/650
f 897/168/4 677/167/4 675/168/4
f 665/17/651 902/103/651 680/103/651
f 896/107/652 660/106/652 674/107/652
f 673/87/653 890/88/653 668/88/653
f 886/36/654 662/4/654 664/36/654
f 890/88/4 669/165/4 668/88/4
f 894/94/655 673/87/655 672/94/655
f 679/166/4 898/108/4 676/108/4
f 902/103/656 672/94/656 680/103/656
f 898/108/657 682/109/657 676/108/657
f 899/167/4 678/92/4 677/167/4
f 885/38/658 681/110/658 663/38/658
f 666/50/4 889/164/4 667/164/4
f 669/165/4 888/50/4 666/50/4
f 892/85/659 671/86/659 670/85/659
f 900/92/4 679/166/4 678/92/4
f 682/109/660 886/36/660 664/36/660
f 2/4/2 194/4/2 192/4/2
f 15/5/678 6/6/678 137/6/678
f 71/17/8 72/18/8 142/18/8
f 153/17/115 71/17/115 203/17/115
f 17/45/689 138/45/689 139/46/689
f 72/18/692 15/5/692 140/5/692
f 97/98/66 96/8/66 99/7/66
f 21/104/2 187/104/2 194/4/2
f 74/4/101 144/4/101 145/105/101
f 73/105/102 145/105/102 138/45/102
f 198/163/111 188/104/111 199/158/111
f 188/104/111 187/104/111 199/158/111
f 191/159/745 190/17/745 203/17/745
f 203/17/746 204/17/746 191/159/746
f 187/104/111 188/104/111 195/4/111
f 206/4/747 197/4/747 202/4/747
f 197/4/748 196/4/748 202/4/748
f 193/160/111 192/4/111 194/4/111
f 194/4/111 195/4/111 193/160/111
f 146/106/2 189/106/2 187/104/2
f 74/4/751 196/4/751 197/4/751
f 71/17/752 143/17/752 204/17/752
f 372/17/764 371/18/764 301/18/764
f 368/46/779 367/45/779 246/45/779
f 301/18/788 371/18/788 369/5/788
f 328/7/846 325/8/846 326/98/846
f 374/105/906 373/4/906 303/4/906
f 367/45/907 374/105/907 302/105/907
f 416/104/950 417/104/950 428/158/950
f 417/104/951 427/163/951 428/158/951
f 432/17/952 419/17/952 420/159/952
f 420/159/953 430/17/953 433/17/953
f 424/4/263 417/104/263 416/104/263
f 425/4/954 426/4/954 431/4/954
f 426/4/955 435/4/955 431/4/955
f 422/160/956 434/4/956 424/4/956
f 424/4/957 423/4/957 422/160/957
f 373/4/963 426/4/963 425/4/963
f 432/17/969 433/17/969 372/17/969
f 439/38/973 457/110/973 400/110/973
f 456/103/974 448/94/974 391/94/974
f 386/164/975 443/164/975 446/85/975
f 444/88/976 445/165/976 388/165/976
f 397/92/285 454/92/285 455/166/285
f 395/108/977 452/108/977 458/109/977
f 449/87/978 444/88/978 387/88/978
f 390/86/979 447/86/979 450/107/979
f 381/36/980 440/36/980 438/4/980
f 451/168/981 453/167/981 396/167/981
f 448/94/982 449/87/982 392/87/982
f 457/110/983 451/168/983 394/168/983
f 401/109/984 458/109/984 440/36/984
f 437/4/985 439/38/985 380/38/985
f 385/50/295 442/50/295 443/164/295
f 441/17/986 456/103/986 399/103/986
f 445/165/297 442/50/297 385/50/297
f 393/107/987 450/107/987 436/106/987
f 389/85/988 446/85/988 447/86/988
f 453/167/300 454/92/300 397/92/300
f 398/166/989 455/166/989 452/108/989
f 98/97/4 327/97/4 326/98/4
f 7/46/998 139/46/998 368/46/998
f 228/110/1008 222/168/1008 451/168/1008
f 208/4/1009 210/38/1009 439/38/1009
f 214/164/5 217/85/5 446/85/5
f 218/86/1010 221/107/1010 450/107/1010
f 224/167/5 453/167/5 451/168/5
f 212/17/1011 227/103/1011 456/103/1011
f 207/106/1012 436/106/1012 450/107/1012
f 220/87/1013 215/88/1013 444/88/1013
f 209/4/1014 438/4/1014 440/36/1014
f 216/165/5 445/165/5 444/88/5
f 220/87/1015 449/87/1015 448/94/1015
f 226/166/5 223/108/5 452/108/5
f 219/94/327 448/94/327 456/103/327
f 229/109/1016 458/109/1016 452/108/1016
f 225/92/5 454/92/5 453/167/5
f 228/110/1017 457/110/1017 439/38/1017
f 213/50/5 214/164/5 443/164/5
f 216/165/5 213/50/5 442/50/5
f 218/86/1018 447/86/1018 446/85/1018
f 226/166/5 455/166/5 454/92/5
f 229/109/1019 211/36/1019 440/36/1019
f 645/4/351 647/4/351 482/4/351
f 490/5/1033 593/5/1033 137/6/1033
f 537/17/354 596/17/354 595/18/354
f 606/17/1043 643/17/1043 656/17/1043
f 139/46/1046 592/45/1046 492/45/1046
f 538/18/1049 595/18/1049 593/5/1049
f 559/7/409 558/8/409 97/98/409
f 647/4/351 640/104/351 496/104/351
f 598/105/440 597/4/440 540/4/440
f 592/45/441 598/105/441 539/105/441
f 640/104/442 641/104/442 652/158/442
f 641/104/442 651/163/442 652/158/442
f 656/17/1103 643/17/1103 644/159/1103
f 644/159/1104 654/17/1104 657/17/1104
f 648/4/442 641/104/442 640/104/442
f 649/4/1105 650/4/1105 655/4/1105
f 650/4/1106 659/4/1106 655/4/1106
f 646/160/442 658/4/442 648/4/442
f 648/4/442 647/4/442 646/160/442
f 640/104/351 642/106/351 599/106/351
f 650/4/1109 649/4/1109 540/4/1109
f 537/17/1111 656/17/1111 657/17/1111
f 752/18/1123 817/18/1123 818/17/1123
f 698/45/1138 813/45/1138 814/46/1138
f 752/18/1147 696/5/1147 815/5/1147
f 326/98/1205 775/8/1205 776/7/1205
f 754/4/1264 819/4/1264 820/105/1264
f 753/105/1265 820/105/1265 813/45/1265
f 873/163/1308 863/104/1308 874/158/1308
f 863/104/1309 862/104/1309 874/158/1309
f 866/159/1310 865/17/1310 878/17/1310
f 878/17/1311 879/17/1311 866/159/1311
f 862/104/592 863/104/592 870/4/592
f 881/4/1312 872/4/1312 877/4/1312
f 872/4/1313 871/4/1313 877/4/1313
f 868/160/1314 867/4/1314 869/4/1314
f 869/4/1315 870/4/1315 868/160/1315
f 819/4/1321 754/4/1321 871/4/1321
f 818/17/1327 879/17/1327 878/17/1327
f 846/110/1331 903/110/1331 885/38/1331
f 837/94/1332 894/94/1332 902/103/1332
f 832/164/1333 835/85/1333 892/85/1333
f 834/165/1334 891/165/1334 890/88/1334
f 843/92/614 844/166/614 901/166/614
f 841/108/1335 847/109/1335 904/109/1335
f 833/88/1336 890/88/1336 895/87/1336
f 836/86/1337 839/107/1337 896/107/1337
f 827/36/1338 825/4/1338 884/4/1338
f 842/167/1339 899/167/1339 897/168/1339
f 838/87/1340 895/87/1340 894/94/1340
f 840/168/1341 897/168/1341 903/110/1341
f 847/109/1342 827/36/1342 886/36/1342
f 826/38/1343 885/38/1343 883/4/1343
f 831/50/624 832/164/624 889/164/624
f 845/103/1344 902/103/1344 887/17/1344
f 831/50/626 888/50/626 891/165/626
f 839/107/1345 821/106/1345 882/106/1345
f 835/85/1346 836/86/1346 893/86/1346
f 843/92/629 900/92/629 899/167/629
f 844/166/1347 841/108/1347 898/108/1347
f 7/46/1356 689/46/1356 814/46/1356
f 681/110/1364 903/110/1364 897/168/1364
f 661/4/1365 883/4/1365 885/38/1365
f 667/164/4 889/164/4 892/85/4
f 671/86/1366 893/86/1366 896/107/1366
f 897/168/4 899/167/4 677/167/4
f 665/17/1367 887/17/1367 902/103/1367
f 896/107/1368 882/106/1368 660/106/1368
f 673/87/1369 895/87/1369 890/88/1369
f 886/36/1370 884/4/1370 662/4/1370
f 890/88/4 891/165/4 669/165/4
f 894/94/1371 895/87/1371 673/87/1371
f 679/166/4 901/166/4 898/108/4
f 902/103/656 894/94/656 672/94/656
f 898/108/1372 904/109/1372 682/109/1372
f 899/167/4 900/92/4 678/92/4
f 885/38/1373 903/110/1373 681/110/1373
f 666/50/4 888/50/4 889/164/4
f 669/165/4 891/165/4 888/50/4
f 892/85/1374 893/86/1374 671/86/1374
f 900/92/4 901/166/4 679/166/4
f 682/109/1375 904/109/1375 886/36/1375
usemtl Material.012
f 114/102/79 119/79/79 115/84/79
f 115/84/80 116/101/80 114/102/80
f 348/79/215 343/102/215 344/84/215
f 345/101/216 344/84/216 343/102/216
f 579/79/422 574/102/422 575/84/422
f 576/101/423 575/84/423 574/102/423
f 791/102/544 796/79/544 792/84/544
f 792/84/545 793/101/545 791/102/545
f 114/102/730 118/78/730 119/79/730
f 115/84/731 117/83/731 116/101/731
f 348/79/863 347/78/863 343/102/863
f 345/101/864 346/83/864 344/84/864
f 579/79/1086 578/78/1086 574/102/1086
f 576/101/1087 577/83/1087 575/84/1087
f 791/102/1222 795/78/1222 796/79/1222
f 792/84/1223 794/83/1223 793/101/1223
usemtl Material.013
f 459/13/6 39/14/6 461/14/6
f 47/19/9 41/3/9 35/19/9
f 23/20/10 20/21/10 24/22/10
f 43/1/22 23/20/22 24/22/22
f 34/52/25 111/31/25 39/30/25
f 35/58/29 102/59/29 93/60/29
f 3/65/34 46/1/34 47/19/34
f 18/66/35 44/19/35 43/1/35
f 12/68/39 53/65/39 55/68/39
f 268/14/129 234/13/129 242/14/129
f 276/19/132 270/3/132 275/1/132
f 249/21/133 252/20/133 253/22/133
f 272/1/148 252/20/148 273/19/148
f 340/31/152 263/52/152 268/30/152
f 264/58/156 331/59/156 270/55/156
f 232/65/161 275/1/161 241/68/161
f 247/66/162 273/19/162 237/69/162
f 241/68/166 282/65/166 232/65/166
f 23/20/4 240/13/4 460/13/4
f 47/19/305 264/19/305 276/19/305
f 53/65/306 232/65/306 282/65/306
f 35/58/307 322/60/307 264/58/307
f 47/19/310 232/65/310 3/65/310
f 44/19/312 237/69/312 273/19/312
f 23/20/317 273/19/317 252/20/317
f 5/184/335 465/13/335 459/13/335
f 5/184/336 461/14/336 13/29/336
f 11/15/340 20/21/340 460/13/340
f 466/13/341 11/15/341 460/13/341
f 509/14/353 459/13/353 905/14/353
f 47/19/355 511/3/355 515/1/355
f 495/21/356 23/20/356 498/22/356
f 513/1/368 23/20/368 44/19/368
f 571/31/371 34/52/371 509/30/371
f 35/58/375 562/59/375 511/55/375
f 3/65/380 515/1/380 487/68/380
f 493/66/381 44/19/381 8/69/381
f 487/68/385 53/65/385 3/65/385
f 687/13/458 719/14/458 694/14/458
f 727/19/461 721/3/461 715/19/461
f 252/20/462 701/21/462 704/22/462
f 723/1/477 252/20/477 704/22/477
f 714/52/481 788/31/481 719/30/481
f 715/58/485 779/59/485 772/60/485
f 685/65/490 726/1/490 727/19/490
f 699/66/491 724/19/491 723/1/491
f 693/68/495 733/65/495 735/68/495
f 47/19/634 715/19/634 35/19/634
f 53/65/635 685/65/635 3/65/635
f 35/58/636 772/60/636 93/60/636
f 685/65/639 47/19/639 3/65/639
f 44/19/641 690/69/641 8/69/641
f 23/20/646 724/19/646 44/19/646
f 483/184/662 459/13/662 465/13/662
f 905/14/663 483/184/663 488/29/663
f 486/15/667 495/21/667 908/16/667
f 466/13/668 460/13/668 486/15/668
f 459/13/679 34/13/679 39/14/679
f 47/19/680 46/1/680 41/3/680
f 23/20/681 460/13/681 20/21/681
f 43/1/691 44/19/691 23/20/691
f 34/52/694 33/186/694 111/31/694
f 35/58/701 41/55/701 102/59/701
f 3/65/705 12/68/705 46/1/705
f 18/66/706 8/69/706 44/19/706
f 12/68/39 3/65/39 53/65/39
f 268/14/762 263/13/762 234/13/762
f 276/19/765 264/19/765 270/3/765
f 249/21/766 240/13/766 252/20/766
f 272/1/787 253/22/787 252/20/787
f 340/31/791 262/186/791 263/52/791
f 264/58/798 322/60/798 331/59/798
f 232/65/803 276/19/803 275/1/803
f 247/66/804 272/1/804 273/19/804
f 241/68/810 284/68/810 282/65/810
f 23/20/4 252/20/4 240/13/4
f 47/19/994 35/19/994 264/19/994
f 53/65/995 3/65/995 232/65/995
f 35/58/996 93/60/996 322/60/996
f 47/19/999 276/19/999 232/65/999
f 44/19/1001 8/69/1001 237/69/1001
f 23/20/1006 44/19/1006 273/19/1006
f 5/184/1022 459/13/1022 461/14/1022
f 11/15/1026 464/16/1026 20/21/1026
f 509/14/1034 34/13/1034 459/13/1034
f 47/19/1035 35/19/1035 511/3/1035
f 495/21/1036 460/13/1036 23/20/1036
f 513/1/1048 498/22/1048 23/20/1048
f 571/31/1051 33/186/1051 34/52/1051
f 35/58/1058 93/60/1058 562/59/1058
f 3/65/1062 47/19/1062 515/1/1062
f 493/66/1063 513/1/1063 44/19/1063
f 487/68/385 521/68/385 53/65/385
f 687/13/1121 714/13/1121 719/14/1121
f 727/19/1124 726/1/1124 721/3/1124
f 252/20/1125 240/13/1125 701/21/1125
f 723/1/1146 724/19/1146 252/20/1146
f 714/52/1150 713/186/1150 788/31/1150
f 715/58/1157 721/55/1157 779/59/1157
f 685/65/1162 693/68/1162 726/1/1162
f 699/66/1163 690/69/1163 724/19/1163
f 693/68/1169 685/65/1169 733/65/1169
f 47/19/1352 727/19/1352 715/19/1352
f 53/65/1353 733/65/1353 685/65/1353
f 35/58/1354 715/58/1354 772/60/1354
f 685/65/1357 727/19/1357 47/19/1357
f 44/19/1358 724/19/1358 690/69/1358
f 23/20/1362 252/20/1362 724/19/1362
f 905/14/1380 459/13/1380 483/184/1380
f 486/15/1384 460/13/1384 495/21/1384
